student_id,assigned,hours_used,exam_score,female,field,gpa_prior
1861,0,0.0,62.1,1,SocialSciences,2.11
354,1,10.6,66.1,0,STEM,2.69
1334,1,5.4,46.4,0,SocialSciences,1.37
906,0,0.0,65.9,0,SocialSciences,2.86
1290,1,6.7,65.5,1,Humanities,2.26
1274,1,0.0,72.6,1,SocialSciences,3.38
939,1,6.9,71.4,0,STEM,2.36
1732,0,0.0,57.0,1,SocialSciences,1.68
66,0,0.0,77.3,1,STEM,2.45
1324,0,0.0,50.5,0,SocialSciences,2.31
57,1,0.0,40.7,1,Humanities,2.63
1293,0,0.0,53.5,1,Humanities,1.98
1119,0,0.0,58.0,1,SocialSciences,2.63
585,1,8.9,75.9,1,SocialSciences,2.33
375,0,0.0,45.4,0,STEM,2.4
276,1,0.0,46.4,0,SocialSciences,2.75
747,0,0.0,46.6,0,Humanities,2.71
129,0,0.0,45.5,0,SocialSciences,2.67
1647,0,0.0,63.9,1,Humanities,2.81
1853,0,0.0,52.9,1,SocialSciences,2.88
675,1,0.0,57.5,0,SocialSciences,2.02
1665,0,0.0,40.3,1,SocialSciences,2.54
1982,0,0.0,69.5,1,SocialSciences,3.03
1084,0,0.0,57.1,0,Humanities,2.95
1923,0,0.0,39.7,0,STEM,1.95
100,0,0.0,69.2,0,SocialSciences,2.94
1180,0,0.0,43.5,0,SocialSciences,2.15
965,0,0.0,71.0,0,STEM,2.14
793,1,0.0,71.3,1,STEM,2.41
30,1,0.0,61.4,1,SocialSciences,2.17
629,1,0.0,65.5,1,STEM,2.82
945,1,4.8,60.0,0,STEM,2.36
573,0,0.0,59.8,1,STEM,2.29
908,0,0.0,58.7,0,Humanities,2.05
1081,0,0.0,55.0,1,STEM,2.58
451,1,8.8,58.8,0,STEM,2.19
1610,1,6.5,73.0,1,Humanities,2.6
1291,1,13.8,90.4,1,STEM,2.46
1079,1,0.0,56.4,1,SocialSciences,2.66
255,0,0.0,43.3,1,STEM,1.47
125,1,0.0,49.5,1,Humanities,1.98
1928,0,0.0,76.7,1,SocialSciences,2.47
252,1,11.9,60.7,0,STEM,2.54
586,1,6.4,71.9,1,SocialSciences,2.29
1569,1,4.7,58.1,0,SocialSciences,2.8
825,0,0.0,62.1,1,Humanities,2.8
508,1,4.8,42.7,0,SocialSciences,1.51
890,1,0.0,89.7,1,SocialSciences,3.37
71,0,0.0,75.7,1,Humanities,2.96
1609,0,0.0,62.0,0,STEM,1.76
1533,1,0.0,59.8,1,STEM,2.44
248,0,0.0,70.9,1,STEM,3.06
1451,1,8.5,58.8,0,STEM,2.46
213,0,0.0,56.5,1,SocialSciences,1.99
910,0,0.0,36.0,1,Humanities,2.16
1742,1,3.5,43.8,0,SocialSciences,1.89
1245,0,0.0,62.8,1,STEM,2.52
1697,0,0.0,70.1,0,SocialSciences,2.79
1183,0,0.0,43.5,0,Humanities,2.26
362,0,0.0,32.4,0,SocialSciences,2.02
1474,1,7.1,50.3,0,Humanities,2.17
679,0,0.0,38.5,0,Humanities,2.08
1622,0,0.0,43.7,1,Humanities,2.36
1090,1,9.2,76.7,1,SocialSciences,2.41
1988,0,0.0,73.7,1,Humanities,2.76
1848,1,0.0,58.3,0,STEM,2.32
988,1,4.7,42.3,0,Humanities,2.43
1513,0,0.0,74.0,0,Humanities,3.06
112,0,0.0,62.1,1,Humanities,3.13
1488,1,7.8,66.8,1,Humanities,2.42
1454,0,0.0,46.3,0,STEM,2.42
384,1,0.0,57.4,1,SocialSciences,2.25
1396,0,0.0,26.0,0,SocialSciences,2.22
1055,0,0.0,54.7,0,SocialSciences,2.69
756,1,0.0,37.6,1,SocialSciences,1.92
325,1,0.0,48.4,1,Humanities,2.2
1624,1,6.3,45.1,0,STEM,1.58
788,0,0.0,51.1,0,SocialSciences,2.53
369,0,0.0,42.4,0,Humanities,2.17
1820,1,0.0,53.1,1,Humanities,2.22
70,0,0.0,53.2,0,STEM,2.14
858,1,8.5,58.9,0,Humanities,1.95
1484,1,11.3,62.1,0,STEM,2.56
1556,1,10.9,54.2,1,STEM,2.33
1692,1,8.9,63.2,1,Humanities,2.67
1475,0,0.0,50.1,0,SocialSciences,2.77
1799,0,0.0,63.1,0,SocialSciences,3.08
479,1,0.0,54.4,1,Humanities,2.82
282,0,0.0,65.9,0,STEM,3.01
1648,1,5.8,71.6,1,SocialSciences,2.21
1557,0,0.0,72.6,0,STEM,3.31
1730,0,0.0,40.1,0,Humanities,2.1
211,1,19.0,88.0,1,STEM,2.5
298,0,0.0,71.0,1,SocialSciences,3.09
1885,0,0.0,45.5,0,SocialSciences,2.32
1834,0,0.0,63.4,1,Humanities,2.84
652,1,11.7,69.4,1,Humanities,2.99
1234,0,0.0,65.8,1,STEM,2.74
1503,0,0.0,55.1,1,STEM,2.23
1932,0,0.0,59.8,1,STEM,3.2
917,0,0.0,54.0,0,SocialSciences,2.55
994,1,7.6,73.6,0,STEM,3.45
430,1,6.2,70.8,0,STEM,2.6
1371,1,7.0,76.6,0,Humanities,3.09
240,1,0.0,61.8,1,STEM,2.47
880,0,0.0,59.9,0,STEM,2.79
621,0,0.0,65.0,1,STEM,1.89
257,0,0.0,36.5,0,SocialSciences,2.76
612,1,13.1,58.3,0,SocialSciences,2.28
545,1,18.2,69.8,0,STEM,2.53
772,0,0.0,44.2,1,SocialSciences,2.09
1420,1,13.0,78.5,1,Humanities,2.6
1042,1,0.0,47.2,1,Humanities,1.58
1790,1,6.9,76.4,1,SocialSciences,2.4
760,0,0.0,52.3,1,Humanities,2.54
383,0,0.0,43.0,1,Humanities,2.71
1104,0,0.0,61.2,1,Humanities,2.03
974,0,0.0,43.8,1,SocialSciences,2.96
353,1,0.0,50.2,0,STEM,2.05
1606,1,3.6,44.9,0,STEM,2.41
1826,1,10.4,69.6,1,STEM,2.23
1037,0,0.0,58.9,1,SocialSciences,2.55
1108,1,11.3,85.2,1,STEM,2.41
495,0,0.0,62.5,0,STEM,2.95
394,1,8.2,82.0,1,STEM,2.32
1547,0,0.0,60.1,1,Humanities,2.38
465,0,0.0,47.4,0,SocialSciences,1.99
887,0,0.0,61.1,0,SocialSciences,2.38
1194,1,0.0,49.9,0,SocialSciences,2.51
367,1,0.0,58.4,0,Humanities,2.87
1894,0,0.0,65.8,0,SocialSciences,3.48
1874,0,0.0,67.3,0,STEM,3.05
745,0,0.0,78.1,0,STEM,3.27
530,1,11.5,83.3,1,Humanities,2.41
803,0,0.0,57.3,1,Humanities,2.48
1224,1,8.9,75.7,1,SocialSciences,2.08
1979,0,0.0,52.3,0,SocialSciences,3.33
1906,0,0.0,62.6,1,STEM,2.34
1700,1,8.5,69.8,1,STEM,1.98
1545,1,17.0,100.0,0,SocialSciences,3.88
1314,0,0.0,59.2,0,SocialSciences,2.63
307,1,0.0,55.6,1,STEM,2.39
1667,1,1.6,57.3,0,Humanities,2.83
863,0,0.0,42.4,1,Humanities,1.51
1567,0,0.0,43.0,0,Humanities,1.74
531,0,0.0,58.6,0,SocialSciences,2.94
655,0,0.0,64.3,1,SocialSciences,2.31
1260,0,0.0,52.8,0,SocialSciences,2.48
234,1,11.3,75.6,1,Humanities,2.72
121,1,10.8,100.0,1,STEM,3.05
1698,0,0.0,61.5,0,SocialSciences,2.72
950,1,0.0,56.3,1,STEM,2.11
618,1,4.6,65.7,1,SocialSciences,2.26
1179,0,0.0,83.8,1,STEM,2.7
308,1,0.0,59.4,1,SocialSciences,2.81
136,0,0.0,42.0,0,Humanities,2.63
555,1,9.4,62.6,1,SocialSciences,2.32
1674,1,10.0,83.7,1,SocialSciences,3.07
584,0,0.0,66.2,0,STEM,2.85
1641,1,0.0,74.0,0,STEM,2.96
671,1,2.0,40.1,1,SocialSciences,1.35
835,1,4.2,40.8,1,SocialSciences,1.81
110,1,14.0,73.5,0,STEM,3.37
1165,0,0.0,55.9,1,SocialSciences,2.91
1960,0,0.0,39.3,1,SocialSciences,1.84
1465,0,0.0,51.7,1,SocialSciences,2.81
1729,1,0.0,56.8,0,STEM,1.96
1243,0,0.0,55.5,0,STEM,2.68
212,1,0.0,70.0,1,STEM,2.58
1768,0,0.0,43.3,1,SocialSciences,2.39
1121,0,0.0,42.9,0,SocialSciences,2.08
680,1,0.0,70.8,1,STEM,2.72
1951,1,13.3,85.9,1,SocialSciences,2.56
1839,1,10.8,81.1,0,STEM,2.3
412,1,12.5,74.9,1,Humanities,2.67
1325,1,12.1,67.3,0,SocialSciences,2.3
783,1,16.5,94.9,1,SocialSciences,2.85
1346,0,0.0,49.2,0,SocialSciences,1.98
875,0,0.0,36.1,0,STEM,1.25
1653,0,0.0,46.9,0,STEM,1.94
1279,1,18.4,93.6,0,STEM,3.3
786,0,0.0,44.0,0,STEM,1.95
1819,0,0.0,67.5,0,STEM,3.44
1199,1,14.9,76.2,0,SocialSciences,2.6
808,0,0.0,64.6,1,Humanities,3.13
713,1,17.4,75.4,1,Humanities,2.21
1991,1,12.3,90.9,1,SocialSciences,3.06
1660,0,0.0,54.8,0,Humanities,2.96
1191,1,7.1,55.5,0,STEM,2.53
1226,0,0.0,62.3,1,STEM,2.52
603,1,11.8,81.1,0,STEM,2.64
271,1,17.1,99.9,1,SocialSciences,2.9
1385,1,8.8,78.4,1,Humanities,2.28
232,0,0.0,50.9,0,SocialSciences,2.64
50,0,0.0,50.9,0,Humanities,1.71
463,1,11.5,69.1,1,STEM,2.26
1106,1,6.5,68.1,1,STEM,2.33
856,1,10.6,67.5,0,SocialSciences,2.85
694,1,8.3,63.2,0,STEM,2.34
1552,0,0.0,61.5,1,SocialSciences,2.15
1873,0,0.0,56.3,0,STEM,2.47
527,1,11.7,97.8,1,STEM,3.21
174,1,8.8,62.2,0,STEM,3.18
721,1,0.0,60.3,0,Humanities,1.79
415,0,0.0,75.3,1,SocialSciences,2.99
238,0,0.0,63.1,0,SocialSciences,2.83
1473,0,0.0,84.5,0,STEM,3.44
1336,0,0.0,47.4,0,SocialSciences,2.62
1064,0,0.0,51.7,0,STEM,1.73
24,0,0.0,47.7,1,SocialSciences,2.38
1767,1,0.0,71.1,0,STEM,1.62
64,1,6.9,50.9,0,STEM,2.03
290,1,11.3,53.6,0,STEM,2.11
189,0,0.0,66.5,1,STEM,2.86
702,0,0.0,72.7,1,STEM,2.59
1815,0,0.0,63.7,0,STEM,2.27
1138,1,0.0,43.5,0,SocialSciences,1.55
355,1,0.0,76.5,1,SocialSciences,2.8
417,1,5.3,43.8,0,SocialSciences,2.74
1246,0,0.0,67.6,1,SocialSciences,2.64
931,0,0.0,64.4,1,STEM,1.73
197,1,0.0,62.1,0,SocialSciences,3.69
580,0,0.0,43.6,0,STEM,2.46
1135,0,0.0,96.5,1,STEM,3.31
1814,1,11.4,68.6,0,STEM,2.43
1935,0,0.0,67.6,0,SocialSciences,2.57
434,0,0.0,79.7,0,STEM,3.35
101,0,0.0,34.2,1,Humanities,1.0
1655,0,0.0,50.0,1,Humanities,2.41
395,1,13.1,95.1,1,STEM,3.08
1939,0,0.0,52.9,1,SocialSciences,2.29
221,1,12.9,79.4,0,STEM,2.22
1676,0,0.0,59.8,0,SocialSciences,3.15
1498,0,0.0,84.3,1,STEM,3.44
1785,1,0.0,37.7,1,STEM,2.0
345,1,14.6,99.9,1,Humanities,3.08
1028,0,0.0,71.6,0,Humanities,3.0
889,1,11.9,94.7,1,STEM,2.84
1351,0,0.0,68.3,1,SocialSciences,3.1
553,1,9.7,86.1,1,Humanities,3.07
744,1,0.0,55.3,1,STEM,2.89
1542,1,10.6,74.8,1,SocialSciences,3.47
539,1,11.7,81.3,1,Humanities,3.11
907,0,0.0,63.3,1,SocialSciences,3.23
1395,1,13.6,83.8,1,STEM,2.71
116,1,7.7,76.1,0,SocialSciences,2.74
830,1,11.9,70.9,1,STEM,2.66
1938,0,0.0,70.6,1,STEM,3.28
809,1,0.0,37.4,1,STEM,1.75
1311,1,3.9,58.4,1,SocialSciences,2.07
1005,0,0.0,52.9,1,STEM,3.27
306,1,9.3,53.2,1,STEM,2.43
1101,1,10.8,68.4,0,SocialSciences,2.21
480,0,0.0,58.4,0,STEM,2.7
1424,0,0.0,48.3,1,Humanities,2.61
1076,0,0.0,73.4,1,STEM,3.38
571,0,0.0,48.8,1,Humanities,2.36
619,1,0.0,45.0,0,SocialSciences,3.19
1898,0,0.0,67.1,0,Humanities,2.13
1266,0,0.0,58.8,0,SocialSciences,2.95
79,1,0.0,54.1,1,Humanities,2.72
1912,1,5.7,56.1,1,SocialSciences,1.94
33,0,0.0,34.1,1,Humanities,2.04
1538,1,4.7,80.3,0,SocialSciences,2.72
1034,0,0.0,60.7,1,STEM,2.16
1563,1,0.0,61.3,1,STEM,1.86
352,1,12.7,70.7,0,SocialSciences,2.64
164,0,0.0,74.1,1,STEM,2.53
204,0,0.0,64.5,0,Humanities,2.01
1054,0,0.0,51.5,1,SocialSciences,2.9
1365,1,4.7,75.3,0,Humanities,2.33
1967,1,11.3,79.7,0,Humanities,3.53
496,1,12.9,100.0,1,SocialSciences,2.91
1625,0,0.0,66.7,0,STEM,2.69
1966,0,0.0,48.3,0,SocialSciences,2.31
1963,1,11.8,89.2,1,SocialSciences,2.55
611,1,12.3,71.2,0,STEM,2.44
433,0,0.0,49.0,0,Humanities,3.08
1492,1,15.3,85.8,0,STEM,2.88
219,0,0.0,43.5,0,SocialSciences,2.3
1931,1,13.2,74.8,1,SocialSciences,1.85
1466,1,0.0,60.3,1,SocialSciences,2.09
631,0,0.0,47.7,0,STEM,2.4
1382,0,0.0,38.2,1,Humanities,2.1
1302,1,9.4,57.7,1,SocialSciences,2.56
60,0,0.0,57.9,1,Humanities,2.85
299,1,11.3,87.4,1,STEM,2.75
1711,1,6.0,60.6,1,STEM,1.97
74,0,0.0,66.8,0,SocialSciences,3.24
163,1,4.1,70.9,0,Humanities,2.92
1275,1,7.4,61.5,1,STEM,1.9
1594,0,0.0,60.9,1,STEM,2.52
1434,0,0.0,62.3,0,STEM,2.57
1613,1,0.0,38.9,0,STEM,2.65
592,0,0.0,41.1,0,SocialSciences,2.46
317,0,0.0,40.6,1,SocialSciences,1.53
46,0,0.0,44.5,0,SocialSciences,2.17
1720,1,12.5,66.4,1,SocialSciences,2.62
1832,0,0.0,60.4,0,Humanities,2.83
428,0,0.0,65.0,0,SocialSciences,3.06
582,0,0.0,50.5,0,Humanities,1.64
77,1,19.2,80.4,0,STEM,2.97
1917,0,0.0,48.4,1,Humanities,2.52
1415,0,0.0,53.5,1,SocialSciences,2.33
781,0,0.0,45.2,1,SocialSciences,2.07
1920,0,0.0,37.1,0,Humanities,1.62
1174,1,9.0,64.4,0,STEM,2.44
1320,1,0.0,41.2,0,Humanities,2.7
938,0,0.0,47.3,1,SocialSciences,2.79
31,1,3.2,69.6,1,STEM,2.28
1092,1,6.1,45.0,1,Humanities,1.88
1616,0,0.0,50.9,0,Humanities,2.74
1230,0,0.0,66.8,1,SocialSciences,2.81
975,1,5.9,55.6,0,Humanities,2.28
1085,0,0.0,58.7,1,Humanities,2.77
515,0,0.0,38.0,0,SocialSciences,1.44
1551,1,0.0,61.8,1,Humanities,2.82
1568,0,0.0,48.0,0,SocialSciences,1.79
1811,1,0.0,56.1,0,Humanities,2.45
1574,0,0.0,44.5,1,STEM,2.46
45,1,5.1,47.3,0,Humanities,2.68
1687,1,15.3,94.1,1,STEM,2.93
169,0,0.0,59.6,1,STEM,2.92
304,1,14.1,99.7,1,STEM,2.87
991,1,9.9,84.5,1,STEM,2.73
556,1,0.0,54.6,1,Humanities,2.53
1925,0,0.0,68.5,0,SocialSciences,2.84
608,1,2.6,78.3,0,Humanities,2.66
1619,1,0.0,81.6,1,STEM,3.19
758,0,0.0,76.8,0,SocialSciences,3.02
439,1,7.1,68.2,1,STEM,1.98
583,0,0.0,71.5,1,STEM,3.34
1519,0,0.0,69.1,1,SocialSciences,2.61
528,1,0.0,60.9,0,STEM,2.47
343,0,0.0,56.5,1,STEM,2.77
1737,1,14.4,76.8,0,STEM,3.43
368,0,0.0,57.9,0,SocialSciences,3.16
186,0,0.0,38.6,0,SocialSciences,1.47
1117,1,0.0,47.8,0,Humanities,1.98
1755,0,0.0,61.8,1,STEM,2.6
1426,1,17.6,100.0,1,SocialSciences,3.28
301,0,0.0,56.1,1,SocialSciences,1.66
1904,0,0.0,69.4,0,STEM,2.54
833,1,12.2,82.9,1,SocialSciences,2.75
544,0,0.0,58.5,1,STEM,2.42
1601,0,0.0,69.0,1,Humanities,3.11
351,0,0.0,68.0,0,Humanities,2.93
1933,0,0.0,56.3,0,Humanities,2.89
1511,1,0.0,53.7,1,Humanities,2.05
979,1,7.3,66.6,0,STEM,2.8
176,0,0.0,51.3,1,Humanities,3.02
483,1,8.5,69.8,0,Humanities,2.54
1413,1,12.4,78.9,1,SocialSciences,2.24
1611,0,0.0,61.1,0,STEM,2.97
124,0,0.0,74.5,1,SocialSciences,2.98
600,0,0.0,66.3,1,STEM,2.32
1795,1,0.0,50.3,0,Humanities,2.1
1746,1,10.4,63.1,0,STEM,2.31
1379,0,0.0,69.8,1,SocialSciences,2.72
1186,0,0.0,52.9,1,Humanities,2.8
486,0,0.0,66.2,0,STEM,2.78
332,1,4.0,38.2,1,Humanities,1.78
789,0,0.0,49.5,0,SocialSciences,2.43
195,1,6.3,55.7,1,SocialSciences,1.65
638,0,0.0,52.9,1,SocialSciences,2.58
472,1,0.0,43.1,0,SocialSciences,1.67
1714,1,0.0,71.8,1,Humanities,2.69
323,1,5.3,48.4,0,SocialSciences,1.46
1197,1,8.3,87.1,0,Humanities,2.79
267,0,0.0,57.6,0,STEM,2.82
1544,0,0.0,46.2,1,SocialSciences,1.63
1804,0,0.0,73.4,0,STEM,3.5
68,0,0.0,73.0,1,SocialSciences,3.44
1738,1,10.8,58.1,1,Humanities,2.94
1593,1,7.3,51.1,1,STEM,1.66
1564,1,3.3,59.9,0,Humanities,2.19
481,0,0.0,60.1,0,STEM,2.41
1757,1,6.9,55.9,0,STEM,1.58
1913,1,16.4,94.7,1,STEM,2.67
1441,1,6.1,60.5,0,Humanities,2.57
1461,1,0.0,63.6,1,STEM,2.77
888,1,7.7,71.1,0,Humanities,2.91
423,0,0.0,53.3,1,STEM,2.74
1675,1,11.4,74.7,1,Humanities,2.43
1450,1,12.7,82.0,1,Humanities,3.41
765,0,0.0,44.0,1,SocialSciences,1.49
520,0,0.0,42.7,1,SocialSciences,2.46
1432,0,0.0,52.7,0,STEM,3.35
614,1,0.0,54.0,1,Humanities,3.06
1531,1,9.5,82.1,1,Humanities,2.62
1783,0,0.0,53.8,1,Humanities,2.62
1659,1,0.0,51.6,1,Humanities,3.0
454,0,0.0,67.4,1,STEM,2.58
731,1,8.9,66.7,0,STEM,2.32
535,1,0.0,42.9,0,Humanities,1.81
966,1,0.0,52.1,0,Humanities,3.19
1285,0,0.0,57.3,0,SocialSciences,3.65
1740,0,0.0,66.5,1,STEM,2.8
262,0,0.0,52.5,1,SocialSciences,2.77
536,0,0.0,59.3,0,Humanities,3.39
969,1,0.0,68.9,1,Humanities,3.15
241,1,0.0,60.2,1,STEM,2.63
820,1,11.0,56.5,0,STEM,2.54
693,1,8.8,70.0,0,STEM,2.53
421,1,9.6,61.8,0,Humanities,2.08
1086,1,12.7,72.0,1,STEM,2.55
1999,1,9.3,48.1,0,SocialSciences,1.75
366,1,2.6,59.3,0,SocialSciences,2.02
1023,0,0.0,63.9,0,STEM,2.87
1241,0,0.0,58.9,0,SocialSciences,3.25
589,0,0.0,76.1,1,STEM,2.63
737,1,10.2,66.4,0,STEM,2.56
1762,1,7.6,56.6,0,STEM,2.34
942,0,0.0,49.3,0,Humanities,3.1
72,1,0.0,72.5,0,STEM,2.37
1408,0,0.0,54.6,0,SocialSciences,2.29
260,1,10.6,57.7,1,STEM,2.25
52,1,17.9,100.0,1,STEM,3.19
199,1,4.0,76.0,0,SocialSciences,2.89
1789,0,0.0,56.6,1,Humanities,2.85
651,1,0.0,76.9,0,STEM,2.75
333,1,7.2,66.7,1,STEM,2.46
1360,1,4.5,44.0,1,STEM,2.07
594,1,0.0,46.3,0,STEM,2.31
1392,0,0.0,63.2,1,SocialSciences,2.72
1801,0,0.0,66.3,1,Humanities,2.9
1315,0,0.0,56.7,1,STEM,2.22
1112,0,0.0,57.7,1,SocialSciences,2.53
1007,1,8.9,69.3,1,STEM,2.26
1327,1,0.5,46.8,0,Humanities,1.57
427,1,9.9,83.7,0,SocialSciences,2.18
1559,0,0.0,34.0,1,Humanities,1.95
1294,0,0.0,67.5,0,STEM,2.31
591,0,0.0,71.0,0,STEM,2.87
1958,0,0.0,55.7,1,Humanities,1.87
1977,1,3.5,70.9,0,Humanities,3.0
1133,0,0.0,51.6,1,SocialSciences,2.38
986,1,9.2,59.9,0,STEM,2.39
399,0,0.0,63.9,1,STEM,2.86
1512,1,0.0,42.2,1,Humanities,1.78
437,1,0.0,53.2,0,STEM,2.51
193,1,8.6,70.5,0,SocialSciences,2.86
1436,1,1.8,55.0,0,STEM,2.16
615,0,0.0,63.1,1,Humanities,2.9
1494,0,0.0,64.1,1,Humanities,2.7
577,1,4.7,64.1,0,STEM,2.85
987,1,8.7,42.9,0,Humanities,2.12
1433,0,0.0,80.5,0,STEM,3.1
707,1,10.1,85.8,1,SocialSciences,2.71
1259,0,0.0,55.1,1,SocialSciences,2.36
142,1,0.0,45.4,0,STEM,1.96
1358,0,0.0,56.6,1,Humanities,2.96
3,0,0.0,40.4,1,SocialSciences,2.41
1222,1,8.7,73.1,0,STEM,3.09
1870,0,0.0,48.1,0,Humanities,2.68
1623,0,0.0,50.4,0,Humanities,2.68
340,1,6.4,45.4,0,Humanities,2.71
1770,0,0.0,76.4,0,STEM,3.05
1537,1,7.8,64.7,1,SocialSciences,2.18
484,0,0.0,54.2,0,Humanities,2.28
266,1,8.7,63.8,0,STEM,2.08
377,1,6.8,70.8,0,STEM,2.55
742,0,0.0,64.3,1,SocialSciences,2.82
1014,1,10.2,80.0,1,Humanities,3.48
440,0,0.0,38.4,0,STEM,2.82
272,1,0.0,65.2,1,STEM,2.46
185,1,4.8,45.7,1,STEM,2.11
940,1,13.3,99.3,1,SocialSciences,3.14
245,0,0.0,46.0,1,STEM,2.52
932,0,0.0,64.2,0,Humanities,2.77
446,1,4.2,79.4,0,STEM,3.32
597,1,0.0,44.2,0,SocialSciences,1.57
818,0,0.0,54.9,1,SocialSciences,2.73
1273,1,3.3,37.1,1,Humanities,1.92
1677,0,0.0,57.8,0,SocialSciences,3.18
487,0,0.0,80.3,1,STEM,3.05
681,0,0.0,57.1,0,SocialSciences,3.26
416,0,0.0,43.9,1,Humanities,1.8
274,0,0.0,57.9,1,STEM,2.44
1472,0,0.0,61.3,1,STEM,2.75
1830,1,16.4,78.8,1,STEM,1.69
1455,0,0.0,57.0,0,SocialSciences,2.72
251,1,0.0,43.6,0,SocialSciences,2.76
414,1,10.8,99.0,1,Humanities,3.26
1386,0,0.0,65.6,1,SocialSciences,3.0
1308,1,0.0,65.7,0,STEM,2.77
716,0,0.0,44.6,1,Humanities,2.47
311,0,0.0,49.5,1,STEM,2.4
927,1,14.7,93.5,1,STEM,3.1
382,0,0.0,68.8,1,Humanities,2.24
1566,0,0.0,48.1,0,STEM,2.78
426,1,4.8,38.0,0,SocialSciences,2.3
1875,0,0.0,74.1,0,SocialSciences,3.61
533,0,0.0,49.7,0,SocialSciences,3.11
753,0,0.0,57.7,0,SocialSciences,2.56
766,1,1.2,41.4,0,Humanities,2.05
1357,1,0.0,36.8,0,Humanities,2.67
409,0,0.0,47.7,0,Humanities,2.48
1615,0,0.0,68.2,0,SocialSciences,2.76
695,1,0.0,33.4,1,STEM,2.44
1739,1,13.9,93.2,1,STEM,3.46
549,0,0.0,65.8,0,STEM,1.94
937,0,0.0,74.5,0,SocialSciences,2.68
1390,1,0.0,58.6,0,STEM,1.86
1608,1,6.7,73.6,0,STEM,3.31
1940,0,0.0,66.0,1,Humanities,3.1
1482,0,0.0,62.7,1,STEM,2.52
183,0,0.0,63.4,0,STEM,2.76
1941,1,5.6,59.2,0,Humanities,1.59
1161,0,0.0,53.6,0,STEM,2.24
171,1,7.3,70.7,0,SocialSciences,2.86
293,0,0.0,67.2,1,STEM,1.89
562,0,0.0,57.4,1,Humanities,1.99
1457,1,2.5,48.4,1,SocialSciences,2.42
1877,1,8.1,84.2,0,SocialSciences,2.49
1652,1,5.9,61.1,0,Humanities,2.72
850,0,0.0,72.8,0,SocialSciences,3.39
273,1,3.8,62.8,0,STEM,2.36
1550,1,4.8,61.8,0,STEM,2.4
1035,0,0.0,57.4,0,Humanities,2.09
1744,1,14.9,93.8,1,STEM,2.81
372,0,0.0,49.7,1,STEM,1.79
1670,0,0.0,59.0,0,Humanities,2.71
722,0,0.0,54.6,1,STEM,1.58
734,0,0.0,59.4,1,STEM,2.68
778,1,15.9,100.0,1,STEM,2.27
519,1,8.9,74.6,1,STEM,2.65
335,0,0.0,63.8,0,STEM,3.27
846,1,0.0,51.2,0,STEM,1.68
1252,1,0.0,51.1,1,Humanities,2.03
1053,1,12.4,80.7,1,SocialSciences,2.61
1924,1,6.9,85.1,0,STEM,3.27
16,0,0.0,68.7,0,SocialSciences,3.23
708,0,0.0,61.0,0,SocialSciences,2.93
901,1,0.0,42.9,0,SocialSciences,1.42
1980,0,0.0,52.9,0,SocialSciences,2.57
1573,1,0.0,58.0,0,Humanities,2.62
904,1,0.0,43.0,0,STEM,2.38
466,1,4.0,63.2,0,STEM,2.57
1978,1,0.0,57.0,0,SocialSciences,1.95
200,0,0.0,40.7,0,STEM,2.59
1207,1,12.0,74.4,0,SocialSciences,2.91
1056,0,0.0,51.5,1,Humanities,2.61
1132,1,16.2,83.9,1,SocialSciences,2.94
1380,1,13.4,75.4,0,STEM,3.33
999,1,0.0,65.7,1,SocialSciences,2.94
728,1,12.7,100.0,1,Humanities,2.89
1772,0,0.0,40.6,1,Humanities,1.47
1910,0,0.0,70.0,0,SocialSciences,2.44
1822,1,8.0,50.8,0,STEM,2.83
568,0,0.0,44.8,1,Humanities,1.86
44,1,12.2,72.5,0,STEM,3.32
275,0,0.0,58.5,0,Humanities,3.23
1097,1,14.6,85.2,1,SocialSciences,2.21
102,1,10.3,71.4,0,STEM,2.61
1232,1,7.5,82.4,1,STEM,2.35
1722,1,10.4,73.0,1,SocialSciences,2.21
1833,0,0.0,47.9,0,STEM,1.96
108,0,0.0,43.4,1,Humanities,2.34
1618,1,18.7,100.0,1,STEM,2.78
498,1,2.8,60.1,0,STEM,2.23
1981,0,0.0,49.7,1,Humanities,2.18
882,1,0.0,44.9,0,STEM,2.99
757,0,0.0,73.0,1,SocialSciences,2.99
620,0,0.0,53.6,1,SocialSciences,2.43
1107,0,0.0,56.8,0,SocialSciences,2.69
1936,1,16.3,86.9,0,Humanities,3.45
810,0,0.0,41.5,1,Humanities,2.03
1038,0,0.0,66.3,1,SocialSciences,2.64
73,0,0.0,52.6,0,SocialSciences,3.01
1284,0,0.0,61.1,1,STEM,3.28
1272,1,9.2,48.2,0,Humanities,2.12
1335,1,0.0,44.2,1,SocialSciences,1.88
1459,1,0.0,55.5,1,STEM,2.15
482,0,0.0,77.3,1,STEM,3.29
1069,0,0.0,64.3,1,SocialSciences,2.54
507,0,0.0,57.2,0,STEM,2.62
1238,1,8.0,81.3,1,Humanities,2.93
1862,0,0.0,42.9,1,STEM,1.33
1990,1,0.0,27.0,0,STEM,1.07
1477,1,3.7,65.4,1,SocialSciences,1.86
1867,0,0.0,75.2,1,STEM,2.04
1456,0,0.0,43.5,1,Humanities,2.43
312,0,0.0,66.1,1,SocialSciences,3.22
963,1,0.0,57.1,1,SocialSciences,2.52
406,0,0.0,75.3,0,STEM,2.35
1331,0,0.0,31.6,0,SocialSciences,2.28
1650,0,0.0,41.2,0,Humanities,2.53
310,0,0.0,45.7,0,SocialSciences,2.25
227,0,0.0,66.4,0,STEM,2.06
1858,1,9.9,69.5,0,STEM,2.7
711,1,5.7,59.4,1,SocialSciences,1.8
1944,1,5.8,53.6,0,Humanities,2.74
1384,1,0.0,59.7,0,STEM,1.74
1786,0,0.0,63.9,0,STEM,3.09
149,0,0.0,40.6,1,STEM,2.09
1555,0,0.0,53.2,0,STEM,1.93
1957,0,0.0,60.8,1,SocialSciences,2.72
926,1,7.1,56.6,0,Humanities,2.48
943,1,10.5,82.6,1,STEM,2.89
837,1,11.4,61.2,1,SocialSciences,2.33
576,1,2.3,47.3,0,Humanities,1.87
558,0,0.0,36.3,0,Humanities,2.0
1236,1,9.5,74.3,1,SocialSciences,2.46
1361,1,13.9,89.0,0,Humanities,4.0
1348,1,5.8,81.2,1,SocialSciences,2.28
1162,0,0.0,67.4,0,SocialSciences,2.46
1443,1,8.1,60.9,1,Humanities,2.8
287,0,0.0,53.7,0,STEM,2.21
1605,1,8.4,84.9,0,STEM,2.75
1058,1,7.2,81.1,0,Humanities,2.79
599,0,0.0,52.2,0,SocialSciences,2.96
933,1,0.0,42.4,1,STEM,2.65
1462,1,5.8,69.9,1,Humanities,2.81
1638,0,0.0,64.5,1,Humanities,2.08
1588,0,0.0,59.1,0,SocialSciences,2.4
1041,0,0.0,44.3,0,Humanities,2.42
1231,1,10.4,75.9,1,STEM,2.7
807,1,3.4,58.2,1,Humanities,2.98
905,0,0.0,45.8,1,STEM,2.94
1680,1,12.3,71.5,0,STEM,2.1
1205,1,3.9,38.4,0,SocialSciences,1.78
768,1,0.0,57.9,0,SocialSciences,2.93
610,1,0.5,37.9,0,Humanities,2.39
1993,0,0.0,69.5,0,SocialSciences,2.83
1565,0,0.0,54.6,0,Humanities,2.64
1423,1,12.1,86.8,1,STEM,2.58
1011,0,0.0,31.7,1,SocialSciences,1.0
494,0,0.0,71.1,1,STEM,2.59
1321,0,0.0,79.9,1,STEM,3.12
278,1,8.1,61.4,1,SocialSciences,2.24
1847,0,0.0,89.0,1,SocialSciences,3.76
359,0,0.0,60.9,0,STEM,3.05
1111,1,3.6,74.9,1,Humanities,2.74
237,1,8.3,55.9,0,Humanities,2.94
552,1,6.7,60.3,0,STEM,1.72
1868,0,0.0,65.6,1,STEM,1.77
1813,0,0.0,48.0,1,STEM,2.57
209,0,0.0,73.9,1,STEM,3.14
1387,0,0.0,67.8,1,STEM,1.85
1561,1,9.2,88.3,1,STEM,3.23
59,1,0.0,58.1,0,Humanities,1.86
632,0,0.0,40.4,0,SocialSciences,1.44
1962,1,8.0,73.5,0,STEM,2.84
1860,1,10.3,67.8,0,SocialSciences,2.99
1817,1,0.0,45.1,1,STEM,2.07
364,0,0.0,58.8,0,Humanities,2.83
506,1,6.1,69.3,0,Humanities,3.02
1166,0,0.0,42.8,0,SocialSciences,2.08
1122,0,0.0,63.2,1,STEM,2.35
1630,1,0.0,36.2,0,STEM,1.79
1217,1,10.9,75.7,1,SocialSciences,2.37
1152,0,0.0,66.8,0,SocialSciences,2.2
1125,1,4.9,52.5,0,SocialSciences,2.55
1595,1,15.4,84.7,0,STEM,2.33
119,1,9.9,63.5,1,Humanities,2.14
1250,1,0.0,67.6,1,Humanities,2.97
1994,1,8.0,82.3,0,SocialSciences,3.05
523,1,0.0,37.2,1,SocialSciences,2.06
514,1,5.3,68.5,0,STEM,2.14
82,0,0.0,50.8,1,Humanities,2.17
916,1,0.0,40.3,1,SocialSciences,2.63
1019,1,14.5,91.1,1,SocialSciences,3.38
381,0,0.0,43.2,0,SocialSciences,1.0
1030,0,0.0,48.1,0,Humanities,2.56
1689,0,0.0,54.1,0,Humanities,2.35
85,1,12.3,69.8,0,STEM,2.99
1678,0,0.0,53.0,1,STEM,2.33
330,0,0.0,42.0,0,STEM,1.0
7,1,0.0,73.2,0,STEM,3.34
746,0,0.0,50.2,0,SocialSciences,1.79
1554,0,0.0,42.7,0,SocialSciences,2.91
915,1,12.5,87.1,1,STEM,2.15
874,1,6.4,73.1,0,SocialSciences,3.14
452,1,10.2,90.7,1,STEM,3.15
491,1,11.3,84.7,1,STEM,2.72
1481,1,8.9,68.6,1,Humanities,2.14
288,0,0.0,47.5,0,STEM,1.81
949,1,10.9,86.3,1,SocialSciences,3.04
1986,1,0.0,69.0,0,SocialSciences,3.27
1369,1,0.0,64.8,0,Humanities,2.64
1147,1,8.0,82.4,1,STEM,2.41
706,0,0.0,50.3,0,SocialSciences,2.92
1727,1,0.0,35.3,0,Humanities,1.75
1702,0,0.0,43.5,0,Humanities,1.91
1629,0,0.0,81.0,0,Humanities,3.27
1600,1,0.0,44.6,0,Humanities,2.38
1539,0,0.0,54.1,1,Humanities,2.5
1406,1,8.4,75.9,0,STEM,3.0
1651,0,0.0,44.4,1,STEM,2.54
328,0,0.0,61.0,1,STEM,2.56
443,0,0.0,66.2,1,STEM,2.54
775,1,10.2,75.6,1,SocialSciences,2.44
1088,1,8.2,74.8,0,STEM,3.12
1221,1,0.0,71.9,0,STEM,2.7
1636,0,0.0,69.7,1,SocialSciences,2.58
178,0,0.0,74.4,1,Humanities,3.14
1323,0,0.0,46.8,1,Humanities,2.75
705,0,0.0,64.2,0,SocialSciences,3.34
87,1,6.7,62.7,0,Humanities,2.3
1884,0,0.0,62.7,1,STEM,2.13
1948,0,0.0,41.5,0,STEM,1.72
458,1,13.0,75.7,1,SocialSciences,2.22
1829,0,0.0,53.7,1,STEM,2.61
55,1,3.0,63.5,0,Humanities,2.26
1502,1,10.6,67.8,0,SocialSciences,2.58
644,1,13.2,83.7,0,STEM,3.16
678,0,0.0,51.2,1,Humanities,2.93
222,0,0.0,51.1,1,STEM,2.59
114,1,12.2,100.0,1,SocialSciences,2.23
983,0,0.0,61.2,0,STEM,2.8
1229,0,0.0,38.9,0,SocialSciences,1.53
1000,0,0.0,57.4,0,SocialSciences,2.51
175,1,0.0,56.0,0,Humanities,2.8
782,0,0.0,41.6,1,SocialSciences,2.34
590,1,11.9,94.5,1,Humanities,2.83
1560,0,0.0,56.9,1,Humanities,2.58
19,1,5.1,20.3,1,Humanities,1.48
424,1,7.4,68.2,1,SocialSciences,1.79
1344,0,0.0,41.5,0,STEM,2.2
286,1,8.5,85.3,0,SocialSciences,3.64
1584,1,7.3,70.3,1,Humanities,1.77
429,1,12.2,67.6,0,Humanities,2.19
1510,1,0.0,84.7,0,STEM,2.51
1319,0,0.0,47.3,1,SocialSciences,2.96
670,1,9.2,80.7,0,STEM,3.18
32,0,0.0,59.7,1,STEM,1.96
941,0,0.0,53.5,0,SocialSciences,2.59
723,0,0.0,59.0,1,SocialSciences,2.07
995,1,7.8,71.1,0,STEM,2.43
215,1,8.9,76.7,0,Humanities,3.12
814,1,10.8,83.4,0,Humanities,3.31
327,1,6.4,78.4,1,STEM,2.41
561,1,4.8,58.7,0,Humanities,2.18
1113,0,0.0,65.0,1,STEM,2.65
701,1,12.1,82.4,0,STEM,1.82
1579,0,0.0,72.8,1,STEM,3.47
1190,0,0.0,49.1,1,SocialSciences,1.54
342,0,0.0,73.7,1,STEM,3.48
630,0,0.0,52.9,1,STEM,1.68
148,0,0.0,48.9,1,STEM,1.59
1310,0,0.0,55.4,0,Humanities,2.89
361,0,0.0,30.3,0,Humanities,2.32
84,1,4.9,56.3,1,SocialSciences,2.47
49,0,0.0,71.7,1,STEM,3.55
469,1,9.1,78.8,0,Humanities,2.97
156,1,6.4,54.2,1,Humanities,2.17
773,1,11.7,72.1,0,STEM,2.74
1240,1,14.2,100.0,1,STEM,3.65
1201,1,6.0,57.9,0,SocialSciences,2.18
1403,0,0.0,65.6,1,Humanities,2.26
1203,1,0.0,45.9,0,STEM,1.59
1631,1,0.5,47.1,0,SocialSciences,2.17
501,1,0.0,53.6,1,Humanities,2.7
1765,1,10.9,75.3,0,STEM,2.08
180,1,0.0,66.9,0,STEM,2.68
1048,1,4.0,65.7,0,SocialSciences,2.0
1756,0,0.0,66.7,0,SocialSciences,2.56
951,1,0.0,50.1,1,SocialSciences,2.77
1317,0,0.0,45.6,0,Humanities,1.95
1620,0,0.0,46.7,0,SocialSciences,2.03
529,0,0.0,81.5,1,STEM,3.21
347,0,0.0,59.6,0,SocialSciences,2.72
1388,1,4.8,49.6,0,SocialSciences,2.75
1961,1,0.0,50.1,1,Humanities,2.11
1051,0,0.0,59.1,0,SocialSciences,3.38
1973,1,0.5,42.0,0,STEM,2.14
1442,0,0.0,56.3,1,STEM,2.12
602,0,0.0,50.6,1,STEM,2.21
1282,1,15.0,89.2,1,Humanities,2.89
244,0,0.0,73.2,1,STEM,3.13
1337,0,0.0,30.2,0,SocialSciences,1.78
1068,0,0.0,71.6,1,Humanities,2.75
1476,0,0.0,67.0,0,SocialSciences,2.68
313,1,0.0,60.6,0,STEM,2.09
436,0,0.0,64.1,1,SocialSciences,2.5
1899,0,0.0,53.8,1,STEM,2.13
1329,1,0.0,69.2,0,STEM,2.57
309,1,11.2,72.9,1,SocialSciences,2.36
431,0,0.0,70.2,1,SocialSciences,3.13
661,1,11.4,90.7,1,SocialSciences,2.79
371,0,0.0,66.0,1,SocialSciences,3.89
567,0,0.0,81.1,1,STEM,2.6
980,0,0.0,44.6,1,SocialSciences,2.04
182,0,0.0,58.4,0,STEM,2.22
1363,0,0.0,61.3,0,STEM,2.18
622,0,0.0,59.7,1,SocialSciences,2.42
819,0,0.0,48.3,1,SocialSciences,2.77
1193,0,0.0,56.8,0,Humanities,2.62
953,1,13.5,66.2,0,STEM,1.89
1422,1,0.0,66.7,0,SocialSciences,3.35
1841,0,0.0,51.8,1,STEM,2.41
923,1,0.0,48.7,0,Humanities,2.81
1074,0,0.0,58.3,0,Humanities,2.7
297,0,0.0,61.2,0,SocialSciences,2.55
967,1,0.0,78.9,0,SocialSciences,3.75
462,0,0.0,59.6,1,STEM,2.89
1303,0,0.0,52.1,0,Humanities,2.93
1177,1,4.1,59.8,0,SocialSciences,2.6
378,1,6.7,72.2,1,Humanities,2.77
799,1,12.6,72.1,1,STEM,2.21
1103,1,5.7,69.0,0,STEM,2.33
106,0,0.0,51.6,1,SocialSciences,1.56
127,0,0.0,46.7,0,SocialSciences,2.26
1996,1,0.0,66.9,0,STEM,2.38
839,1,0.0,39.4,0,SocialSciences,2.56
356,0,0.0,54.8,1,SocialSciences,2.36
1617,0,0.0,58.6,1,Humanities,2.64
683,1,16.5,84.7,0,Humanities,3.5
813,1,9.8,75.0,0,STEM,3.05
1681,1,13.5,67.9,1,SocialSciences,2.41
210,0,0.0,46.8,1,STEM,1.44
1493,1,15.6,87.4,0,STEM,3.1
141,0,0.0,68.9,1,SocialSciences,2.66
1975,0,0.0,71.1,0,Humanities,2.7
1340,1,11.7,90.9,1,STEM,2.71
1798,1,0.0,64.0,0,SocialSciences,2.11
1575,0,0.0,61.4,0,STEM,2.41
1182,1,10.0,70.4,0,STEM,2.4
1394,1,12.4,99.3,1,STEM,2.59
1816,0,0.0,53.1,1,SocialSciences,2.7
712,0,0.0,53.0,0,Humanities,2.02
1794,1,9.2,62.3,0,SocialSciences,2.66
893,0,0.0,54.2,1,STEM,1.98
860,1,11.7,59.6,0,SocialSciences,2.71
11,1,12.2,76.7,0,STEM,2.84
1695,0,0.0,61.9,1,SocialSciences,3.01
1428,1,0.0,58.5,0,STEM,2.19
283,1,10.1,83.3,1,Humanities,2.73
811,1,0.0,71.5,1,SocialSciences,3.17
1342,0,0.0,50.6,0,Humanities,1.84
292,1,13.6,82.3,0,SocialSciences,3.18
755,1,7.6,100.0,0,Humanities,2.92
627,0,0.0,70.0,1,Humanities,2.47
944,1,7.2,56.8,1,SocialSciences,1.96
862,1,10.7,72.0,0,STEM,2.19
130,0,0.0,44.7,1,Humanities,2.06
1176,1,6.5,45.0,0,STEM,2.83
324,1,0.0,57.5,0,STEM,1.9
1091,1,0.0,51.4,0,SocialSciences,1.86
844,1,10.1,72.6,0,STEM,2.91
964,0,0.0,76.0,1,SocialSciences,3.3
1865,0,0.0,39.3,1,STEM,1.73
866,0,0.0,58.6,1,SocialSciences,2.8
922,1,11.7,72.6,1,SocialSciences,1.81
696,1,10.8,84.2,0,SocialSciences,3.15
216,0,0.0,40.5,0,STEM,2.58
1781,0,0.0,44.1,1,Humanities,1.64
1262,0,0.0,62.9,1,SocialSciences,2.41
159,1,9.8,76.4,1,SocialSciences,2.22
1059,1,0.0,38.2,1,STEM,2.73
989,1,11.6,74.9,1,STEM,2.3
842,1,7.0,44.6,1,SocialSciences,1.33
635,0,0.0,61.3,0,SocialSciences,2.5
517,0,0.0,39.8,0,STEM,2.45
1429,0,0.0,76.8,0,SocialSciences,2.83
1748,0,0.0,54.4,0,SocialSciences,2.67
598,1,16.1,97.6,1,Humanities,2.95
196,1,0.0,73.0,0,STEM,1.95
1784,1,13.8,88.3,0,STEM,2.93
870,1,0.0,73.4,0,STEM,3.33
411,0,0.0,75.8,1,SocialSciences,2.92
97,0,0.0,45.7,1,STEM,2.15
1001,1,14.1,87.6,0,SocialSciences,3.05
1506,0,0.0,40.1,1,Humanities,2.53
157,0,0.0,71.5,1,STEM,3.09
420,1,12.6,55.4,0,STEM,1.95
1803,1,14.0,100.0,1,Humanities,2.79
478,0,0.0,57.7,1,SocialSciences,2.6
1856,0,0.0,47.7,0,SocialSciences,2.44
669,1,0.0,59.4,0,STEM,1.78
1418,0,0.0,86.3,0,SocialSciences,3.5
1872,1,10.5,71.3,0,Humanities,2.58
1300,0,0.0,78.3,0,Humanities,3.46
448,1,8.6,56.5,1,Humanities,2.17
554,0,0.0,68.1,1,Humanities,2.69
179,1,11.2,87.1,1,SocialSciences,2.93
391,1,1.4,45.7,1,Humanities,2.97
579,1,12.2,76.4,0,SocialSciences,3.31
1478,0,0.0,66.5,1,SocialSciences,2.95
1707,0,0.0,49.8,0,STEM,2.83
1288,1,0.0,42.4,1,SocialSciences,2.25
1645,0,0.0,68.3,0,Humanities,3.02
1024,1,2.8,64.1,1,STEM,2.02
821,0,0.0,51.6,0,SocialSciences,2.53
1825,1,15.4,78.1,0,STEM,2.54
985,1,12.0,87.3,1,STEM,2.74
1339,1,8.2,69.6,1,STEM,2.17
665,0,0.0,76.7,1,STEM,3.04
143,1,7.4,64.7,0,STEM,2.4
1517,1,0.0,58.9,1,STEM,2.67
1430,0,0.0,59.2,0,SocialSciences,1.76
865,1,10.4,59.3,0,SocialSciences,2.65
422,1,17.0,86.2,0,SocialSciences,2.97
637,1,0.0,60.1,0,STEM,3.18
1407,1,6.4,61.6,0,Humanities,3.08
800,1,0.0,54.8,1,SocialSciences,1.83
1404,1,7.9,53.6,0,STEM,1.6
616,0,0.0,65.5,1,Humanities,2.45
295,0,0.0,61.1,0,SocialSciences,2.55
924,1,11.7,76.0,1,Humanities,2.73
1269,0,0.0,36.3,0,STEM,1.18
1903,1,5.8,50.9,1,Humanities,1.61
89,1,10.7,68.3,1,SocialSciences,1.6
42,0,0.0,56.6,0,SocialSciences,2.78
1802,0,0.0,39.6,1,Humanities,2.11
1934,0,0.0,69.5,0,STEM,3.05
132,0,0.0,68.8,0,SocialSciences,2.62
1002,0,0.0,60.2,0,SocialSciences,2.54
1158,0,0.0,48.6,1,STEM,1.59
1095,1,0.0,64.3,1,STEM,2.25
1855,1,0.0,67.1,1,SocialSciences,2.12
1345,1,0.0,35.0,1,SocialSciences,1.73
1499,0,0.0,48.6,0,STEM,2.07
165,0,0.0,38.3,1,SocialSciences,1.84
725,1,1.8,21.5,0,SocialSciences,1.13
291,1,0.0,46.4,0,SocialSciences,2.04
1209,0,0.0,43.8,1,SocialSciences,2.38
1589,1,0.0,53.7,1,SocialSciences,2.16
1897,1,10.5,76.8,1,SocialSciences,2.99
1642,0,0.0,55.6,0,SocialSciences,2.17
1362,1,0.0,67.7,0,SocialSciences,3.08
779,1,11.1,64.0,0,SocialSciences,2.15
840,1,2.7,50.0,0,SocialSciences,2.48
349,1,9.2,64.3,1,SocialSciences,2.49
1945,1,13.6,80.0,1,SocialSciences,2.57
572,1,9.0,51.4,0,STEM,1.61
918,1,5.7,68.9,1,STEM,1.53
977,1,5.2,50.1,0,Humanities,2.24
1914,0,0.0,76.7,1,STEM,2.52
1469,0,0.0,61.3,0,Humanities,2.83
1592,0,0.0,47.4,0,STEM,1.81
1318,1,10.3,91.5,0,STEM,3.1
1845,0,0.0,79.4,0,SocialSciences,2.92
137,0,0.0,38.0,1,STEM,1.59
459,0,0.0,77.7,1,STEM,2.95
376,1,9.2,83.4,1,STEM,2.72
1343,0,0.0,68.7,1,SocialSciences,2.4
334,1,11.9,86.1,1,STEM,2.32
1160,1,2.4,43.7,0,Humanities,2.27
1761,1,0.0,52.5,0,STEM,2.49
1458,0,0.0,44.8,1,Humanities,2.4
817,0,0.0,58.8,0,Humanities,2.74
1115,1,0.0,51.1,0,SocialSciences,1.69
1006,0,0.0,62.8,1,STEM,2.91
1857,0,0.0,53.7,1,Humanities,2.56
1955,0,0.0,63.8,0,SocialSciences,3.45
1851,0,0.0,67.8,1,SocialSciences,3.05
911,0,0.0,40.6,1,Humanities,2.17
1930,0,0.0,53.3,1,Humanities,2.46
1126,0,0.0,70.7,1,SocialSciences,2.67
329,0,0.0,63.9,1,STEM,2.7
1248,1,0.0,49.1,1,SocialSciences,1.9
319,1,0.0,62.9,0,STEM,2.67
1690,0,0.0,55.8,0,SocialSciences,2.39
1359,1,6.3,67.9,0,SocialSciences,2.87
1733,1,6.0,58.6,1,SocialSciences,1.83
168,0,0.0,35.0,0,SocialSciences,2.19
13,1,8.4,72.7,0,Humanities,3.15
1927,0,0.0,49.7,1,STEM,2.48
172,0,0.0,68.2,1,Humanities,2.93
650,1,14.1,69.5,0,SocialSciences,2.23
1062,0,0.0,39.6,1,STEM,1.67
261,0,0.0,59.1,1,STEM,1.93
1367,0,0.0,84.5,0,SocialSciences,3.7
1549,1,12.2,100.0,1,SocialSciences,2.4
902,0,0.0,63.1,0,SocialSciences,2.91
673,1,8.8,69.2,1,SocialSciences,2.47
259,1,0.0,22.0,0,Humanities,1.09
845,1,0.0,59.0,1,STEM,2.78
868,0,0.0,87.2,1,SocialSciences,4.0
1800,0,0.0,82.9,1,STEM,1.99
139,1,5.9,43.1,0,Humanities,2.0
894,1,10.2,84.3,1,Humanities,2.15
1838,0,0.0,70.1,1,SocialSciences,2.9
550,1,10.3,82.4,1,STEM,2.6
320,1,14.0,100.0,1,SocialSciences,3.2
1527,1,10.5,52.8,0,STEM,1.15
1806,1,14.8,100.0,1,STEM,3.84
1178,0,0.0,54.1,1,SocialSciences,2.23
559,0,0.0,63.9,1,SocialSciences,3.15
140,1,0.0,45.3,0,SocialSciences,3.35
1735,1,5.6,54.1,0,Humanities,2.32
532,0,0.0,56.9,0,Humanities,3.56
225,1,11.6,79.9,0,SocialSciences,3.52
724,1,15.8,100.0,1,Humanities,3.64
787,0,0.0,60.4,0,SocialSciences,3.12
1718,0,0.0,42.4,0,SocialSciences,2.33
1008,1,6.4,56.1,1,STEM,2.08
410,0,0.0,51.6,1,SocialSciences,2.69
326,0,0.0,51.6,0,SocialSciences,2.49
1766,1,8.2,70.2,0,STEM,2.62
300,1,0.0,52.7,0,Humanities,2.66
1263,0,0.0,46.1,0,Humanities,1.99
1946,0,0.0,34.8,1,Humanities,1.35
26,1,9.7,81.0,1,Humanities,2.25
1859,0,0.0,59.8,0,STEM,3.23
715,1,10.8,76.1,0,STEM,2.32
1010,1,12.1,67.7,0,SocialSciences,2.54
194,0,0.0,24.2,0,Humanities,2.5
441,1,0.0,52.3,1,Humanities,2.9
574,0,0.0,55.5,1,SocialSciences,2.63
947,0,0.0,72.8,1,SocialSciences,3.61
998,1,0.0,45.2,0,STEM,2.45
504,1,8.1,75.1,1,Humanities,3.4
606,1,16.0,93.1,1,Humanities,2.62
1717,1,4.4,53.2,0,Humanities,2.56
1164,1,6.9,51.7,0,Humanities,2.99
1787,1,6.2,44.5,0,Humanities,2.09
847,0,0.0,43.7,0,STEM,1.57
4,0,0.0,68.7,0,STEM,2.73
1287,1,5.1,64.5,0,STEM,2.14
1223,0,0.0,44.2,1,Humanities,2.08
468,1,4.7,73.9,0,STEM,3.38
322,0,0.0,67.9,0,Humanities,2.95
6,1,12.7,85.5,1,Humanities,2.97
223,0,0.0,43.0,1,Humanities,1.96
1375,1,14.7,75.9,0,STEM,3.37
548,1,8.9,51.1,0,SocialSciences,2.28
229,1,14.3,100.0,1,SocialSciences,4.0
40,1,9.6,74.0,0,Humanities,2.95
543,1,11.7,100.0,1,Humanities,3.91
243,0,0.0,58.0,1,Humanities,2.52
899,1,10.3,67.6,0,STEM,2.43
1134,1,0.0,62.7,1,STEM,2.98
1449,0,0.0,61.9,1,SocialSciences,2.52
1869,0,0.0,72.4,1,Humanities,2.44
843,1,0.0,76.7,1,STEM,2.51
1419,0,0.0,48.9,0,Humanities,2.86
1654,1,8.1,67.7,0,SocialSciences,2.8
1970,0,0.0,56.4,1,Humanities,1.56
662,0,0.0,42.0,1,SocialSciences,2.34
1211,0,0.0,59.2,1,STEM,2.29
315,1,0.0,34.5,0,SocialSciences,1.83
692,1,0.0,62.7,1,Humanities,2.89
1504,1,11.3,72.4,0,Humanities,2.88
425,1,0.0,78.8,0,STEM,2.67
595,1,0.0,48.3,1,STEM,1.67
1964,0,0.0,42.2,1,SocialSciences,1.85
623,1,0.0,55.4,0,SocialSciences,3.07
1171,1,12.5,96.4,1,STEM,2.2
1044,1,12.5,66.1,1,SocialSciences,2.19
228,0,0.0,64.5,1,STEM,3.22
1118,0,0.0,63.5,1,STEM,3.09
1332,1,8.0,72.9,0,Humanities,2.6
1316,1,10.7,78.0,1,STEM,2.08
67,1,0.0,56.3,0,SocialSciences,2.13
25,0,0.0,52.8,0,SocialSciences,2.07
145,0,0.0,56.7,1,STEM,1.76
537,1,0.0,38.9,1,SocialSciences,2.52
812,0,0.0,58.2,1,STEM,2.18
1467,0,0.0,32.3,1,Humanities,1.39
86,0,0.0,61.6,0,STEM,2.47
1661,0,0.0,46.4,0,STEM,2.57
1646,1,20.6,100.0,1,STEM,3.02
1805,1,0.0,44.1,0,STEM,2.46
1818,1,8.8,59.8,1,STEM,1.35
1577,0,0.0,72.0,1,Humanities,3.18
1145,0,0.0,60.2,1,STEM,2.18
363,1,7.2,53.8,0,SocialSciences,2.34
1612,1,0.0,64.2,0,SocialSciences,2.77
1866,0,0.0,55.7,0,Humanities,3.03
1027,1,9.4,53.9,0,STEM,1.94
1031,0,0.0,54.5,0,STEM,2.88
1304,0,0.0,61.2,0,Humanities,2.75
1356,1,0.0,45.4,1,Humanities,2.03
1731,0,0.0,61.3,1,SocialSciences,2.57
666,0,0.0,50.1,0,SocialSciences,1.47
365,0,0.0,65.6,0,STEM,2.9
78,0,0.0,64.0,0,STEM,3.18
28,0,0.0,67.5,0,STEM,2.45
1437,1,9.9,90.1,1,STEM,2.54
526,1,10.3,86.9,1,SocialSciences,2.11
1835,1,0.0,57.0,1,SocialSciences,2.62
56,1,9.2,79.5,1,STEM,2.93
639,1,10.6,81.8,0,STEM,2.69
303,1,10.6,82.1,1,Humanities,2.71
719,0,0.0,40.0,0,STEM,1.45
625,1,0.0,52.5,1,STEM,2.18
8,0,0.0,47.8,1,STEM,2.32
804,0,0.0,52.0,1,STEM,2.28
1050,1,12.4,85.3,1,SocialSciences,2.37
337,1,11.3,61.7,0,STEM,2.21
48,1,0.0,77.2,1,SocialSciences,3.26
1764,0,0.0,45.6,1,Humanities,2.47
107,0,0.0,56.8,1,Humanities,2.51
350,1,3.7,36.8,0,Humanities,2.45
1080,0,0.0,69.1,1,Humanities,2.89
239,0,0.0,41.1,0,STEM,1.69
214,1,1.6,54.8,0,Humanities,3.03
1776,0,0.0,53.9,1,SocialSciences,2.4
1139,0,0.0,68.5,1,STEM,2.75
794,0,0.0,63.1,1,STEM,2.45
1587,1,11.2,66.6,0,Humanities,3.3
1583,1,0.0,63.8,0,STEM,2.47
1672,0,0.0,53.6,1,Humanities,2.05
524,0,0.0,51.8,0,SocialSciences,2.13
233,1,10.2,56.6,0,STEM,2.11
645,1,0.0,57.6,1,SocialSciences,2.2
1508,0,0.0,47.0,0,STEM,2.0
534,0,0.0,55.2,0,Humanities,2.17
1942,0,0.0,42.2,0,STEM,1.97
604,0,0.0,48.3,0,SocialSciences,1.9
1330,0,0.0,81.9,1,STEM,3.32
1075,1,12.9,80.0,0,STEM,2.99
1305,1,10.6,76.3,0,STEM,2.2
61,1,7.9,83.0,1,STEM,2.84
1264,1,7.1,72.8,1,Humanities,2.44
93,1,0.0,46.4,1,STEM,2.39
667,0,0.0,55.5,0,Humanities,2.39
281,0,0.0,69.1,0,Humanities,3.03
1114,1,0.0,47.6,1,SocialSciences,2.63
360,1,9.4,70.0,1,STEM,2.16
1129,0,0.0,54.0,1,STEM,1.98
1170,1,13.2,86.7,1,Humanities,2.97
848,1,0.0,45.3,1,SocialSciences,2.1
1522,1,7.7,68.6,1,STEM,2.29
111,1,11.0,74.9,1,SocialSciences,2.53
43,0,0.0,49.5,0,SocialSciences,2.39
126,1,0.0,46.9,1,Humanities,1.6
205,0,0.0,48.9,0,STEM,1.88
53,0,0.0,59.0,0,Humanities,2.92
546,1,0.0,57.4,1,STEM,1.69
69,0,0.0,54.7,0,STEM,2.48
1741,0,0.0,62.5,0,Humanities,2.65
1548,0,0.0,40.7,1,SocialSciences,1.5
184,1,0.0,67.9,1,SocialSciences,2.13
138,0,0.0,60.8,0,STEM,3.0
900,1,7.9,82.2,1,SocialSciences,2.6
797,0,0.0,47.6,1,STEM,2.65
133,1,0.0,64.0,1,SocialSciences,2.37
81,0,0.0,79.6,0,SocialSciences,3.32
1987,1,5.8,52.6,1,SocialSciences,1.73
1541,1,0.0,34.0,0,STEM,1.38
542,0,0.0,35.3,0,Humanities,1.68
1669,0,0.0,47.8,0,Humanities,2.31
984,0,0.0,56.2,1,STEM,2.15
166,1,0.0,41.2,0,SocialSciences,2.43
249,0,0.0,69.8,0,SocialSciences,2.9
447,1,15.1,76.7,0,STEM,2.6
1515,0,0.0,50.1,0,SocialSciences,2.78
859,1,8.1,81.0,0,STEM,3.28
1212,0,0.0,51.3,1,Humanities,1.8
98,0,0.0,49.9,1,SocialSciences,1.67
1974,0,0.0,48.0,0,STEM,1.78
738,1,9.9,55.3,1,STEM,1.97
1256,1,0.0,47.3,1,SocialSciences,2.35
103,1,11.7,100.0,1,STEM,3.56
435,1,0.0,66.5,1,SocialSciences,2.9
75,1,8.5,74.7,0,Humanities,2.39
1792,1,3.3,53.6,0,Humanities,2.79
1235,0,0.0,77.2,0,STEM,2.72
919,1,15.8,100.0,1,STEM,2.54
1712,1,11.7,69.0,1,SocialSciences,2.6
1671,0,0.0,60.9,0,STEM,2.72
1621,0,0.0,46.4,0,Humanities,2.09
763,1,6.1,53.8,1,SocialSciences,1.77
990,1,12.0,73.6,0,Humanities,2.21
389,0,0.0,53.7,1,SocialSciences,3.25
236,1,11.0,98.2,1,STEM,1.76
1507,0,0.0,58.3,0,Humanities,2.51
268,1,12.7,80.1,1,Humanities,2.54
1188,0,0.0,50.6,1,SocialSciences,2.72
118,0,0.0,51.0,0,Humanities,2.31
1607,1,12.4,92.7,1,Humanities,3.07
674,0,0.0,53.2,1,STEM,2.01
250,1,0.0,63.4,1,STEM,2.85
1453,0,0.0,63.7,0,Humanities,3.12
1995,1,0.0,35.9,0,STEM,1.9
95,0,0.0,68.6,1,SocialSciences,3.16
34,1,6.2,48.3,0,STEM,2.6
1464,1,0.0,57.5,0,STEM,2.02
1668,0,0.0,57.5,0,STEM,2.85
449,1,7.0,82.0,1,STEM,2.3
717,1,11.9,80.7,0,SocialSciences,2.19
1810,0,0.0,58.2,0,SocialSciences,2.78
1518,1,0.0,54.7,0,SocialSciences,2.15
1,1,0.0,50.1,0,SocialSciences,2.34
1376,1,3.6,62.8,0,Humanities,2.4
1102,0,0.0,58.1,0,SocialSciences,3.7
1109,0,0.0,64.8,0,Humanities,2.83
1227,1,0.0,55.1,0,STEM,1.79
83,0,0.0,49.8,1,Humanities,2.5
1289,0,0.0,68.1,0,SocialSciences,3.28
677,0,0.0,61.1,1,Humanities,2.95
1921,0,0.0,46.3,0,STEM,1.95
1047,0,0.0,56.8,1,SocialSciences,2.42
771,1,8.6,57.7,0,Humanities,2.56
1947,1,0.0,61.0,0,Humanities,2.25
1281,1,0.0,62.4,0,SocialSciences,2.9
1581,1,3.6,54.6,0,Humanities,2.3
1489,1,0.0,45.3,1,SocialSciences,1.67
405,0,0.0,69.9,1,Humanities,2.52
1728,1,0.0,48.6,1,Humanities,2.09
1299,0,0.0,74.3,0,STEM,2.69
1341,1,13.3,94.0,1,Humanities,3.38
105,1,4.8,44.0,0,SocialSciences,1.68
689,1,0.5,52.7,0,Humanities,1.49
1306,0,0.0,56.5,0,Humanities,3.43
827,1,9.1,99.7,1,STEM,3.11
63,1,4.2,65.9,1,Humanities,1.95
853,1,9.5,76.4,1,SocialSciences,2.43
1354,1,0.0,76.1,0,STEM,2.52
224,1,10.4,68.3,1,Humanities,1.88
146,0,0.0,56.9,0,STEM,2.66
1089,0,0.0,32.7,0,SocialSciences,1.89
374,0,0.0,56.9,1,SocialSciences,2.31
1421,1,8.9,48.3,0,SocialSciences,2.18
1143,0,0.0,52.9,0,Humanities,2.23
1827,0,0.0,66.8,1,SocialSciences,2.64
1495,1,13.4,93.9,1,STEM,2.49
1602,0,0.0,59.3,0,SocialSciences,2.19
1271,0,0.0,68.2,0,Humanities,2.94
10,1,15.9,94.9,1,SocialSciences,2.88
450,1,3.9,57.1,1,SocialSciences,3.1
709,0,0.0,56.8,1,SocialSciences,2.54
256,0,0.0,62.9,0,SocialSciences,2.56
883,0,0.0,58.8,1,STEM,1.73
390,0,0.0,64.4,1,STEM,2.45
909,0,0.0,73.1,1,SocialSciences,2.43
925,1,0.0,67.6,1,SocialSciences,2.91
1704,0,0.0,45.0,1,Humanities,1.82
1233,1,0.0,82.6,1,STEM,3.22
461,1,6.9,52.7,0,SocialSciences,2.0
1270,1,0.0,36.4,0,Humanities,1.58
1760,1,0.0,59.0,0,Humanities,2.5
1169,0,0.0,63.9,0,STEM,2.79
959,0,0.0,65.5,0,Humanities,2.26
502,0,0.0,72.2,1,SocialSciences,3.69
740,1,0.0,54.8,0,SocialSciences,2.37
1850,0,0.0,57.0,1,STEM,2.53
869,0,0.0,51.3,0,STEM,1.76
732,1,9.8,56.5,0,Humanities,2.59
540,1,12.4,79.0,1,STEM,1.85
1202,0,0.0,55.1,1,Humanities,2.91
698,1,4.9,45.5,0,SocialSciences,2.39
1393,0,0.0,52.6,1,SocialSciences,2.25
1377,0,0.0,54.7,0,Humanities,2.61
1146,0,0.0,63.0,0,Humanities,2.21
1032,0,0.0,64.8,1,STEM,3.18
373,0,0.0,41.8,0,STEM,2.56
668,0,0.0,68.5,1,Humanities,2.88
1526,0,0.0,48.1,0,SocialSciences,1.77
358,1,1.9,53.5,1,SocialSciences,2.14
968,1,13.7,82.9,1,Humanities,2.85
784,0,0.0,55.1,0,Humanities,2.35
736,1,0.0,67.1,1,SocialSciences,3.1
1036,1,9.8,70.2,1,STEM,2.54
971,0,0.0,51.5,0,STEM,2.28
1525,1,0.0,31.0,0,SocialSciences,1.64
1487,0,0.0,55.2,1,SocialSciences,2.18
1524,0,0.0,68.7,1,Humanities,3.09
1491,0,0.0,58.3,0,STEM,2.47
1643,1,9.9,80.6,0,STEM,2.96
1253,0,0.0,51.2,1,SocialSciences,2.05
1694,1,8.4,92.1,0,STEM,3.08
1750,1,8.2,62.9,0,Humanities,2.32
1237,0,0.0,70.2,0,STEM,2.56
886,0,0.0,72.9,0,STEM,2.55
80,0,0.0,61.1,1,STEM,2.55
1173,1,0.0,49.7,0,STEM,2.36
815,1,0.0,53.0,1,Humanities,2.53
1286,0,0.0,49.6,0,SocialSciences,2.17
672,1,0.0,45.7,0,SocialSciences,1.6
1532,1,10.1,89.3,1,Humanities,2.68
58,1,4.3,54.6,0,Humanities,2.86
134,0,0.0,74.6,1,SocialSciences,2.83
1141,0,0.0,55.7,0,Humanities,2.52
934,0,0.0,48.4,0,SocialSciences,2.23
1685,0,0.0,56.4,1,STEM,2.89
824,1,14.2,96.5,1,SocialSciences,2.98
1215,0,0.0,63.8,0,STEM,2.31
505,0,0.0,25.7,1,Humanities,2.23
1775,0,0.0,60.3,1,Humanities,2.59
348,0,0.0,68.5,0,Humanities,2.73
387,1,4.0,43.9,0,STEM,2.47
1025,1,0.0,76.8,1,STEM,2.83
895,0,0.0,74.8,1,Humanities,3.45
829,1,6.2,80.1,0,SocialSciences,2.76
1893,1,0.0,44.5,0,STEM,1.74
476,1,11.7,95.4,1,STEM,2.13
1471,1,13.3,88.7,1,STEM,2.99
1448,0,0.0,49.7,1,STEM,1.99
1582,1,0.0,65.3,1,Humanities,3.36
653,1,12.2,91.3,1,Humanities,2.9
173,1,10.7,73.1,1,Humanities,1.86
1150,0,0.0,67.9,1,SocialSciences,3.48
39,0,0.0,52.1,0,Humanities,2.76
714,1,5.2,56.0,0,STEM,1.36
91,0,0.0,49.0,1,Humanities,1.65
1937,1,10.5,79.4,1,STEM,2.3
1206,1,12.4,97.7,1,Humanities,2.73
876,0,0.0,59.0,1,STEM,2.47
1352,1,4.5,67.8,0,SocialSciences,2.17
1890,0,0.0,44.7,1,Humanities,2.74
1094,0,0.0,59.4,0,STEM,2.37
1156,0,0.0,37.6,0,Humanities,1.87
1782,0,0.0,60.6,0,STEM,2.35
1959,0,0.0,70.8,1,STEM,2.77
500,0,0.0,64.5,1,STEM,2.66
339,0,0.0,44.2,0,SocialSciences,2.68
1189,0,0.0,67.8,0,STEM,3.15
29,0,0.0,67.9,0,STEM,3.18
1218,1,9.8,88.0,1,SocialSciences,2.16
1400,1,0.0,46.8,0,SocialSciences,1.48
1821,1,8.5,53.4,1,STEM,2.41
946,1,8.7,59.0,0,STEM,2.11
170,0,0.0,78.1,1,STEM,2.7
1405,0,0.0,44.6,0,Humanities,2.55
1198,0,0.0,55.1,1,Humanities,2.31
1254,1,6.9,74.2,1,STEM,2.49
1614,0,0.0,55.6,0,STEM,3.01
913,0,0.0,57.7,1,SocialSciences,2.19
492,0,0.0,78.4,0,SocialSciences,3.17
954,1,8.3,66.1,1,Humanities,2.49
1098,1,0.0,79.4,1,Humanities,3.36
1033,1,14.0,100.0,1,SocialSciences,3.51
588,0,0.0,57.4,1,Humanities,3.19
751,1,9.9,53.5,0,SocialSciences,2.1
658,1,7.1,49.9,0,SocialSciences,1.26
235,1,12.6,69.2,0,SocialSciences,2.57
733,0,0.0,49.3,1,STEM,2.14
1989,0,0.0,38.6,0,STEM,2.87
1633,1,10.9,93.8,1,STEM,2.85
1157,1,16.4,93.4,1,SocialSciences,2.89
1470,0,0.0,56.6,1,SocialSciences,2.47
1425,0,0.0,40.4,1,SocialSciences,2.44
1628,1,0.0,58.7,0,SocialSciences,2.29
935,1,8.4,65.5,1,SocialSciences,2.56
1210,0,0.0,46.5,0,Humanities,1.79
1066,1,7.2,46.9,0,STEM,1.85
109,0,0.0,32.2,1,SocialSciences,2.84
1543,0,0.0,52.4,1,Humanities,1.85
569,1,6.6,57.9,1,Humanities,3.13
1168,1,0.0,32.5,1,SocialSciences,1.24
1175,1,0.0,65.3,0,Humanities,2.7
891,0,0.0,49.3,0,Humanities,2.75
948,1,16.6,100.0,1,STEM,3.43
1049,0,0.0,59.2,1,SocialSciences,2.65
1353,0,0.0,49.2,0,SocialSciences,2.8
1778,0,0.0,76.2,0,Humanities,3.26
1447,1,0.0,56.4,1,SocialSciences,2.56
885,1,6.6,56.9,0,Humanities,2.56
1673,1,0.0,70.7,0,STEM,2.62
851,1,5.8,47.3,0,STEM,1.48
735,1,0.0,75.3,1,STEM,2.58
718,1,0.9,44.8,0,SocialSciences,2.26
455,1,0.0,55.6,0,STEM,1.79
265,1,6.4,58.1,0,Humanities,2.59
76,1,0.0,70.4,1,STEM,2.23
1658,1,8.1,59.3,0,STEM,1.93
445,1,7.6,48.9,0,SocialSciences,2.22
396,0,0.0,65.5,0,STEM,2.99
177,0,0.0,61.5,1,SocialSciences,2.54
1043,0,0.0,38.2,1,SocialSciences,2.51
1736,1,0.0,31.4,0,STEM,1.56
1402,0,0.0,46.7,0,STEM,2.11
1381,1,10.0,90.4,0,STEM,2.75
596,0,0.0,62.5,1,STEM,2.61
62,0,0.0,69.6,1,SocialSciences,3.21
1297,1,0.0,60.1,1,Humanities,2.67
873,1,0.0,55.5,1,Humanities,2.01
1490,1,14.7,82.8,1,STEM,2.72
1879,0,0.0,45.1,1,SocialSciences,2.55
279,0,0.0,43.3,0,Humanities,1.72
37,1,0.0,50.6,1,SocialSciences,2.48
1976,0,0.0,48.9,1,Humanities,2.13
663,0,0.0,52.8,1,SocialSciences,2.22
1954,0,0.0,56.2,1,SocialSciences,1.58
1445,1,7.3,62.8,0,Humanities,3.28
978,0,0.0,58.9,0,STEM,3.22
1572,1,9.4,76.9,0,STEM,3.1
739,0,0.0,50.8,1,SocialSciences,1.96
192,0,0.0,41.1,0,SocialSciences,2.48
920,0,0.0,40.9,0,Humanities,1.8
457,1,0.0,46.5,0,STEM,3.12
676,0,0.0,47.4,0,STEM,3.14
761,0,0.0,59.9,0,SocialSciences,3.0
1808,0,0.0,47.7,1,SocialSciences,2.88
1603,0,0.0,67.1,1,STEM,2.45
729,1,12.4,83.2,1,SocialSciences,3.02
413,0,0.0,47.4,0,Humanities,2.58
1099,0,0.0,50.8,1,SocialSciences,2.53
826,0,0.0,55.5,1,STEM,2.15
1640,0,0.0,57.4,0,SocialSciences,2.59
617,1,0.5,48.2,0,Humanities,2.18
115,0,0.0,82.6,1,Humanities,3.63
418,1,10.5,81.3,1,Humanities,2.37
1911,1,0.0,46.7,0,SocialSciences,2.6
970,0,0.0,65.0,1,STEM,2.6
605,0,0.0,60.3,1,Humanities,1.44
1919,0,0.0,46.0,0,SocialSciences,2.08
90,1,0.0,64.1,0,STEM,2.34
849,0,0.0,55.7,0,STEM,2.88
1520,1,2.5,51.2,0,STEM,2.67
1918,1,10.4,66.6,0,Humanities,1.69
754,1,10.0,75.5,1,STEM,2.96
499,1,0.0,55.5,0,SocialSciences,2.65
1277,1,15.6,76.5,0,STEM,2.72
1326,1,8.7,71.0,0,Humanities,2.83
12,0,0.0,38.6,0,Humanities,2.73
397,0,0.0,52.6,0,Humanities,3.11
285,1,0.0,52.3,1,Humanities,2.22
1067,1,0.0,58.2,1,STEM,2.13
1192,1,7.8,67.2,1,STEM,1.78
1745,0,0.0,56.7,1,SocialSciences,2.69
691,1,5.6,68.2,0,STEM,3.32
1753,1,4.5,55.6,0,SocialSciences,2.42
1876,1,11.5,69.3,0,STEM,2.36
690,1,9.5,67.5,0,SocialSciences,2.06
852,0,0.0,78.8,1,STEM,3.51
160,0,0.0,49.3,0,SocialSciences,2.43
896,1,0.0,60.6,1,SocialSciences,3.25
1576,0,0.0,59.4,0,SocialSciences,2.47
258,0,0.0,60.2,1,SocialSciences,1.88
336,0,0.0,64.1,1,STEM,2.49
1880,0,0.0,83.0,1,STEM,3.76
1040,0,0.0,48.2,0,SocialSciences,2.75
516,1,0.0,59.7,1,SocialSciences,2.09
1349,0,0.0,66.2,1,Humanities,3.07
1016,0,0.0,54.1,0,STEM,2.42
769,0,0.0,54.0,1,STEM,1.94
1747,0,0.0,77.9,1,SocialSciences,2.68
762,1,5.5,74.0,1,SocialSciences,2.3
1247,0,0.0,62.6,1,Humanities,2.99
1204,1,11.9,82.8,0,STEM,2.98
1468,0,0.0,61.0,1,STEM,3.22
1984,0,0.0,56.9,1,Humanities,2.97
522,0,0.0,68.3,0,STEM,2.83
23,0,0.0,64.0,0,Humanities,2.61
357,1,0.0,53.9,0,STEM,1.64
1278,0,0.0,67.7,0,SocialSciences,3.09
1313,1,0.0,26.7,0,SocialSciences,2.13
1683,0,0.0,51.3,1,SocialSciences,2.34
341,0,0.0,47.9,0,SocialSciences,2.05
432,1,6.5,56.7,1,SocialSciences,1.73
474,0,0.0,66.8,0,STEM,2.93
218,1,8.4,69.7,0,SocialSciences,2.32
912,1,7.3,79.0,0,STEM,2.47
1228,1,9.4,56.0,0,SocialSciences,2.7
1597,0,0.0,56.9,1,Humanities,2.96
1012,1,10.3,67.7,0,STEM,3.11
1950,0,0.0,65.2,1,Humanities,2.69
94,1,13.2,81.9,0,Humanities,3.17
1009,1,0.0,64.0,0,Humanities,2.58
1071,0,0.0,83.6,1,SocialSciences,2.75
1093,0,0.0,72.3,1,Humanities,4.0
1915,1,8.5,73.9,0,Humanities,2.32
1309,0,0.0,59.2,1,SocialSciences,2.91
697,0,0.0,53.1,0,SocialSciences,3.12
1828,1,9.1,67.3,0,SocialSciences,1.75
997,1,10.8,62.3,0,SocialSciences,2.31
154,0,0.0,32.4,0,STEM,2.27
1100,1,7.4,69.1,0,SocialSciences,2.39
1719,0,0.0,51.4,0,STEM,1.41
1998,1,9.9,69.8,0,Humanities,2.49
790,0,0.0,40.9,0,Humanities,1.81
581,0,0.0,53.0,0,Humanities,2.01
704,1,0.0,66.5,1,SocialSciences,2.37
1213,1,8.1,64.2,0,STEM,1.74
1296,0,0.0,61.6,0,SocialSciences,2.29
1666,0,0.0,72.9,1,STEM,3.2
1261,1,0.0,52.6,1,STEM,2.29
488,0,0.0,32.3,0,STEM,1.81
560,1,12.6,93.2,1,STEM,2.74
1142,1,0.0,25.6,0,SocialSciences,1.9
1120,0,0.0,49.3,1,STEM,1.41
802,1,5.9,60.0,0,Humanities,2.49
513,1,0.0,43.0,0,SocialSciences,1.58
634,1,12.3,84.0,0,STEM,2.49
1922,0,0.0,68.7,0,STEM,3.42
1788,1,8.6,53.7,0,SocialSciences,2.91
1546,1,0.0,62.7,1,Humanities,3.22
1151,0,0.0,52.4,1,STEM,2.67
791,1,11.6,78.0,0,Humanities,3.37
117,1,4.0,60.4,0,Humanities,2.61
741,0,0.0,57.5,0,STEM,1.71
1691,0,0.0,70.6,1,SocialSciences,2.82
1082,0,0.0,44.7,0,STEM,2.71
831,1,13.4,77.0,0,STEM,3.18
120,0,0.0,55.8,1,SocialSciences,2.38
657,0,0.0,36.9,0,Humanities,2.08
1908,0,0.0,55.2,0,Humanities,2.45
636,1,14.3,92.5,1,SocialSciences,2.2
370,1,0.0,49.3,1,Humanities,2.74
269,0,0.0,56.8,0,STEM,1.73
656,1,8.4,75.0,1,STEM,2.19
936,1,9.0,71.1,0,STEM,2.35
823,0,0.0,45.1,0,SocialSciences,2.43
867,0,0.0,68.5,0,Humanities,3.14
47,0,0.0,49.2,1,SocialSciences,2.0
1374,0,0.0,65.2,1,STEM,2.11
1709,0,0.0,44.3,0,SocialSciences,2.32
992,0,0.0,54.0,1,SocialSciences,2.25
877,0,0.0,49.2,1,Humanities,1.1
774,1,0.0,74.9,0,STEM,3.25
1220,0,0.0,37.6,1,SocialSciences,1.42
2000,0,0.0,72.2,1,STEM,2.81
5,0,0.0,66.8,0,STEM,2.17
1004,1,0.0,60.3,1,Humanities,2.1
1724,1,0.0,48.5,1,SocialSciences,2.92
264,1,14.3,75.6,1,STEM,2.3
1570,0,0.0,79.2,1,STEM,2.93
1831,0,0.0,59.5,1,Humanities,2.94
444,1,8.6,78.9,1,SocialSciences,2.94
1003,0,0.0,72.2,1,SocialSciences,3.76
1078,1,6.8,56.6,0,SocialSciences,2.59
838,1,10.0,66.5,1,STEM,2.22
1791,1,0.0,39.2,0,STEM,2.03
305,0,0.0,67.6,0,STEM,2.64
1366,0,0.0,61.9,0,SocialSciences,3.05
1558,1,6.6,89.5,0,STEM,3.24
314,1,10.0,97.5,1,STEM,3.31
150,1,5.1,60.7,1,SocialSciences,1.7
1149,0,0.0,43.9,0,SocialSciences,2.51
1214,0,0.0,55.2,0,Humanities,2.57
575,1,0.0,36.5,0,STEM,1.68
51,0,0.0,67.2,0,Humanities,2.61
1553,0,0.0,60.9,0,SocialSciences,2.07
727,1,6.1,46.2,0,Humanities,2.07
834,1,10.3,88.3,1,SocialSciences,2.35
1378,0,0.0,40.8,1,STEM,2.08
1116,1,9.1,70.1,0,SocialSciences,2.92
1167,1,16.0,63.8,0,Humanities,2.51
471,0,0.0,74.8,0,SocialSciences,2.78
972,0,0.0,68.7,1,SocialSciences,3.04
654,0,0.0,69.9,1,SocialSciences,2.87
400,0,0.0,51.3,1,SocialSciences,2.29
512,1,13.3,82.4,1,SocialSciences,3.02
321,0,0.0,69.8,1,STEM,2.61
20,1,7.4,62.7,1,Humanities,1.35
685,1,0.0,45.3,0,SocialSciences,1.86
36,1,0.0,46.6,0,SocialSciences,2.05
903,1,0.0,47.2,0,STEM,1.9
1779,0,0.0,51.8,1,Humanities,1.98
828,1,0.0,58.2,0,STEM,2.47
1854,1,13.3,78.5,0,SocialSciences,3.02
408,1,2.6,47.5,0,STEM,2.3
921,0,0.0,61.7,1,SocialSciences,3.01
538,1,0.0,78.4,1,STEM,2.61
759,0,0.0,64.8,1,STEM,2.77
1905,0,0.0,69.2,1,STEM,2.36
1063,1,10.5,94.9,1,SocialSciences,3.33
1200,1,0.0,37.7,0,STEM,1.91
246,1,7.4,84.4,0,STEM,3.17
1417,0,0.0,56.7,1,Humanities,2.71
1128,0,0.0,49.2,1,SocialSciences,2.23
785,0,0.0,74.2,1,SocialSciences,3.03
1743,1,5.7,45.9,0,Humanities,2.11
490,0,0.0,53.2,1,STEM,2.57
155,0,0.0,52.8,1,SocialSciences,2.22
962,0,0.0,39.1,0,STEM,2.41
854,0,0.0,58.3,0,SocialSciences,2.29
1312,0,0.0,69.4,0,STEM,2.1
626,0,0.0,66.6,0,Humanities,3.02
686,0,0.0,70.0,0,STEM,2.81
1562,1,5.2,75.2,1,Humanities,2.96
570,1,0.0,61.6,0,STEM,2.66
1909,1,3.9,31.3,0,STEM,1.6
18,1,0.0,66.7,0,Humanities,2.88
128,0,0.0,54.8,0,Humanities,2.47
1347,1,0.0,58.3,1,STEM,2.69
1280,1,0.0,50.4,0,SocialSciences,2.68
1969,1,7.7,92.0,0,STEM,3.89
928,0,0.0,80.8,1,Humanities,2.64
981,1,8.9,71.4,0,Humanities,2.72
1965,1,0.0,59.5,1,Humanities,2.9
191,0,0.0,52.5,1,Humanities,2.35
1140,0,0.0,59.4,1,STEM,2.42
993,1,8.7,70.1,0,SocialSciences,2.95
1956,0,0.0,61.6,0,STEM,2.89
1657,1,12.0,98.6,1,SocialSciences,2.61
607,0,0.0,50.1,0,SocialSciences,2.31
181,1,0.0,46.7,0,SocialSciences,2.01
302,1,8.3,54.8,1,SocialSciences,2.24
497,1,0.0,64.3,1,Humanities,2.92
1721,0,0.0,55.9,0,STEM,2.53
1710,1,11.1,46.9,0,Humanities,2.48
1888,1,14.1,100.0,1,STEM,3.47
1992,1,7.9,61.5,1,Humanities,3.16
518,1,16.9,81.1,0,SocialSciences,2.58
1985,0,0.0,49.7,1,STEM,2.04
1070,0,0.0,55.1,1,STEM,2.17
477,0,0.0,57.2,1,Humanities,2.72
158,0,0.0,64.8,1,SocialSciences,2.69
1244,1,12.4,70.5,1,STEM,2.37
1196,0,0.0,96.0,1,STEM,2.86
17,0,0.0,44.4,1,STEM,2.01
1536,1,10.5,57.6,0,SocialSciences,2.02
1073,0,0.0,67.8,0,STEM,3.06
1972,0,0.0,64.8,1,STEM,3.38
547,0,0.0,57.5,1,STEM,2.53
1540,1,8.1,60.8,0,STEM,3.17
659,1,4.1,40.1,0,Humanities,1.81
1626,1,0.0,57.5,1,STEM,2.79
1020,0,0.0,63.8,1,Humanities,2.66
1663,0,0.0,70.1,0,STEM,2.56
1505,0,0.0,65.1,1,STEM,3.16
960,0,0.0,62.0,0,STEM,1.39
1882,1,0.0,39.3,0,SocialSciences,2.01
284,0,0.0,53.5,0,STEM,2.61
798,0,0.0,46.4,1,STEM,2.19
1627,1,9.0,53.7,1,STEM,2.65
226,1,7.7,76.7,0,STEM,2.51
27,0,0.0,41.7,0,SocialSciences,2.62
1771,0,0.0,53.1,1,Humanities,2.51
438,0,0.0,52.3,1,STEM,2.29
1949,0,0.0,35.4,1,SocialSciences,1.07
1389,0,0.0,41.3,1,Humanities,2.1
230,0,0.0,59.7,1,STEM,2.3
38,1,0.0,56.9,0,SocialSciences,3.14
750,1,6.6,69.3,0,SocialSciences,2.18
1046,1,13.8,87.1,1,STEM,1.94
1399,1,8.0,68.5,0,Humanities,2.7
470,0,0.0,49.4,0,Humanities,2.42
1693,0,0.0,61.1,1,STEM,2.69
1968,0,0.0,75.8,1,STEM,3.21
688,0,0.0,55.9,0,Humanities,2.38
1844,0,0.0,45.7,0,Humanities,1.91
640,1,9.4,88.4,1,STEM,3.25
1713,1,0.0,44.0,1,STEM,1.62
1219,0,0.0,57.2,1,SocialSciences,2.64
1159,0,0.0,56.9,0,STEM,2.49
1416,1,7.9,67.3,0,STEM,2.07
1528,1,15.3,97.7,1,SocialSciences,3.24
1656,1,2.2,66.7,0,SocialSciences,2.27
1301,1,7.6,50.3,1,STEM,1.77
1823,1,6.6,81.6,1,SocialSciences,2.37
801,0,0.0,44.2,1,Humanities,2.36
1604,0,0.0,67.7,0,SocialSciences,2.94
161,0,0.0,41.3,0,SocialSciences,2.08
957,0,0.0,55.0,0,SocialSciences,1.88
1187,0,0.0,46.2,0,STEM,2.31
822,1,0.0,67.5,0,STEM,2.42
1682,0,0.0,65.8,0,Humanities,3.06
878,1,0.0,46.9,1,Humanities,2.65
914,0,0.0,40.4,0,SocialSciences,2.47
153,0,0.0,63.4,1,STEM,2.71
1871,1,0.0,51.8,1,STEM,1.78
1777,0,0.0,60.5,0,Humanities,2.79
510,1,0.0,55.5,1,STEM,2.77
1136,0,0.0,80.9,1,SocialSciences,3.36
1251,0,0.0,52.7,0,STEM,2.46
1684,1,0.0,49.4,0,Humanities,2.29
104,0,0.0,61.3,0,STEM,2.25
1446,1,14.4,93.5,1,STEM,2.64
1444,0,0.0,59.6,1,Humanities,2.34
587,0,0.0,65.6,0,Humanities,3.62
1769,1,0.0,18.0,0,SocialSciences,1.91
1144,1,12.2,89.3,1,SocialSciences,3.05
54,1,15.6,79.7,0,STEM,2.45
152,1,0.0,52.0,0,STEM,1.8
404,1,13.1,96.9,1,STEM,2.54
1943,1,3.5,64.0,1,Humanities,2.51
208,1,8.9,61.3,0,Humanities,2.96
1895,0,0.0,46.6,0,STEM,2.28
1123,0,0.0,53.7,0,Humanities,2.27
1891,0,0.0,81.7,1,SocialSciences,3.38
9,0,0.0,45.3,1,Humanities,1.72
1015,1,9.0,47.4,0,STEM,2.38
1907,0,0.0,64.9,0,STEM,3.47
1061,0,0.0,57.7,0,STEM,1.74
453,1,8.5,74.4,1,STEM,2.23
254,0,0.0,73.4,1,STEM,2.27
1328,1,0.0,50.4,1,STEM,2.29
897,0,0.0,57.5,1,STEM,2.27
1734,1,0.0,41.0,1,SocialSciences,1.53
881,0,0.0,58.9,0,STEM,2.03
1596,0,0.0,60.1,1,Humanities,2.57
1889,0,0.0,57.4,0,SocialSciences,2.25
624,0,0.0,66.7,0,STEM,3.25
346,0,0.0,54.4,0,STEM,1.55
1703,1,3.8,64.5,0,STEM,2.98
263,0,0.0,35.5,0,STEM,1.61
1635,1,9.6,71.7,1,STEM,2.66
1322,0,0.0,59.6,1,STEM,2.73
1439,1,0.0,42.0,1,SocialSciences,1.96
151,0,0.0,53.7,1,Humanities,2.48
473,1,14.5,96.8,1,STEM,2.96
641,0,0.0,54.3,0,Humanities,2.79
1983,0,0.0,52.1,0,Humanities,2.24
1883,0,0.0,47.2,0,SocialSciences,2.22
551,0,0.0,73.9,0,SocialSciences,3.55
1780,0,0.0,64.7,1,STEM,2.04
929,1,8.5,42.6,0,SocialSciences,1.26
489,0,0.0,62.5,1,STEM,2.3
1812,1,11.5,84.5,1,STEM,2.99
1172,1,12.6,78.0,1,SocialSciences,1.95
147,1,0.0,55.3,1,SocialSciences,2.29
1705,1,9.3,76.7,1,STEM,2.74
1929,1,0.0,70.2,1,STEM,2.21
403,1,10.0,97.0,1,STEM,2.25
955,1,0.0,57.5,0,SocialSciences,2.5
1878,0,0.0,62.6,1,Humanities,3.35
660,1,8.8,57.7,0,SocialSciences,1.84
1373,1,10.4,77.3,0,STEM,2.7
464,1,0.0,65.0,0,STEM,2.13
1350,0,0.0,38.2,0,SocialSciences,2.05
187,0,0.0,25.1,0,Humanities,1.81
1148,1,11.5,100.0,1,STEM,3.67
1225,1,0.0,75.7,0,STEM,3.43
609,1,11.7,67.0,0,STEM,2.59
144,0,0.0,56.2,0,STEM,2.47
752,0,0.0,51.9,0,Humanities,1.9
1535,1,9.6,67.0,0,STEM,1.89
982,1,0.0,40.1,1,Humanities,1.94
198,0,0.0,51.9,0,SocialSciences,2.0
1634,0,0.0,64.0,0,SocialSciences,2.49
884,1,8.1,74.9,1,Humanities,2.8
280,0,0.0,61.6,1,STEM,1.85
294,1,10.3,79.3,1,SocialSciences,3.12
1824,0,0.0,30.6,1,Humanities,2.12
401,1,10.1,88.4,1,SocialSciences,2.7
123,1,13.5,71.2,0,STEM,2.16
1208,1,9.9,100.0,1,STEM,3.03
203,0,0.0,39.7,0,STEM,1.84
1463,0,0.0,63.1,0,SocialSciences,2.77
836,0,0.0,63.2,0,SocialSciences,2.91
247,0,0.0,44.6,0,STEM,2.86
1440,0,0.0,60.9,1,Humanities,2.36
1754,0,0.0,34.1,0,Humanities,1.58
1902,1,8.8,69.0,0,SocialSciences,2.75
1708,0,0.0,59.8,1,SocialSciences,2.75
1881,1,8.4,54.2,0,STEM,1.85
1154,0,0.0,66.1,1,SocialSciences,2.29
1662,0,0.0,65.4,0,SocialSciences,2.27
1427,1,8.1,74.1,0,SocialSciences,2.05
385,0,0.0,28.3,0,Humanities,1.68
1759,1,6.7,69.5,1,Humanities,1.79
855,0,0.0,50.7,0,SocialSciences,2.05
1590,1,8.9,70.5,1,SocialSciences,3.28
220,1,18.9,100.0,0,STEM,3.36
642,1,2.4,47.0,0,STEM,2.02
2,0,0.0,57.2,0,STEM,2.56
113,1,0.0,53.8,0,STEM,2.28
699,0,0.0,62.3,0,SocialSciences,2.42
1916,1,0.0,54.1,1,STEM,2.1
952,0,0.0,49.4,1,STEM,1.78
1649,1,0.0,49.6,1,STEM,1.91
1637,1,9.7,67.7,0,SocialSciences,1.59
1886,1,4.8,59.7,1,Humanities,2.03
1411,1,0.0,41.8,1,SocialSciences,1.84
1410,1,8.6,59.0,0,Humanities,2.47
1534,1,8.7,61.4,0,STEM,2.3
1292,1,12.2,82.5,0,SocialSciences,2.97
1809,0,0.0,38.9,1,STEM,2.03
442,1,0.0,62.1,1,STEM,2.27
1521,1,13.1,84.3,1,STEM,3.19
1137,1,7.6,58.4,0,STEM,2.09
1716,1,0.0,31.3,1,STEM,2.01
1257,1,14.0,96.4,1,SocialSciences,3.18
1864,1,16.7,100.0,1,STEM,2.81
1632,0,0.0,25.8,0,Humanities,1.0
1696,0,0.0,66.9,1,Humanities,2.71
1398,0,0.0,59.2,1,STEM,2.41
664,0,0.0,73.0,0,STEM,2.45
1836,0,0.0,44.5,0,Humanities,2.21
1258,1,8.4,70.9,0,STEM,2.27
1774,0,0.0,51.5,1,SocialSciences,2.16
1701,1,6.9,61.1,0,SocialSciences,2.94
318,0,0.0,59.8,0,SocialSciences,2.65
649,1,11.7,89.8,1,SocialSciences,2.21
1435,0,0.0,80.6,0,STEM,2.43
1480,0,0.0,57.7,0,Humanities,2.4
710,1,0.0,68.8,1,SocialSciences,2.5
1383,0,0.0,53.3,0,STEM,1.93
1283,1,4.4,48.2,1,SocialSciences,1.71
973,1,0.0,38.7,0,Humanities,1.88
628,0,0.0,55.6,1,STEM,1.9
633,0,0.0,46.0,0,SocialSciences,2.36
1307,0,0.0,42.2,1,SocialSciences,2.64
1401,1,10.1,69.9,1,Humanities,2.8
1409,0,0.0,65.4,1,SocialSciences,3.15
1249,1,5.8,84.6,0,SocialSciences,2.66
1953,1,11.3,78.4,0,Humanities,2.84
1255,0,0.0,65.7,1,Humanities,2.85
1497,0,0.0,58.3,1,SocialSciences,2.09
1372,1,3.8,49.0,0,Humanities,2.47
1530,1,8.6,75.6,0,Humanities,3.1
1664,1,18.9,100.0,1,SocialSciences,3.59
1355,1,8.9,64.4,0,STEM,2.4
1926,1,10.9,81.5,1,STEM,2.45
1901,0,0.0,36.6,1,STEM,1.67
1644,0,0.0,56.6,0,SocialSciences,2.73
1849,1,8.9,79.0,0,STEM,2.81
796,0,0.0,65.6,1,Humanities,2.75
646,0,0.0,62.8,0,Humanities,3.25
1013,0,0.0,54.6,0,STEM,2.94
1840,0,0.0,43.8,0,STEM,2.31
557,0,0.0,43.7,1,Humanities,2.06
682,1,12.5,75.8,0,STEM,2.81
578,1,9.2,80.4,0,SocialSciences,1.78
1110,0,0.0,59.6,1,STEM,2.2
1267,1,0.0,52.3,0,SocialSciences,2.48
1723,0,0.0,48.7,1,Humanities,2.37
1184,0,0.0,59.8,0,SocialSciences,2.54
525,0,0.0,49.2,0,Humanities,2.29
1060,0,0.0,49.5,0,STEM,2.44
541,0,0.0,65.8,1,STEM,2.99
1195,1,4.3,62.6,1,STEM,1.65
1679,0,0.0,68.1,0,SocialSciences,3.3
749,1,12.5,96.8,1,SocialSciences,2.94
1852,0,0.0,74.4,0,STEM,3.24
1431,0,0.0,62.4,0,Humanities,2.43
485,0,0.0,48.1,0,SocialSciences,2.75
1758,1,12.2,88.5,1,Humanities,2.68
96,0,0.0,62.4,1,STEM,2.71
1021,1,3.8,55.3,0,STEM,1.57
564,0,0.0,77.2,1,SocialSciences,3.12
1265,0,0.0,63.7,1,Humanities,2.67
743,1,11.3,95.0,1,SocialSciences,2.88
864,0,0.0,31.6,1,SocialSciences,2.04
1599,0,0.0,64.7,1,STEM,2.17
1715,1,6.4,68.1,0,Humanities,3.1
1485,0,0.0,56.4,1,STEM,3.17
892,0,0.0,72.3,0,SocialSciences,2.95
1578,0,0.0,55.8,0,STEM,2.88
1039,1,0.0,41.1,0,Humanities,2.42
207,1,6.0,58.4,1,STEM,1.79
393,0,0.0,48.2,0,Humanities,2.07
795,1,17.0,95.7,1,SocialSciences,3.15
871,0,0.0,53.5,0,SocialSciences,2.94
398,1,11.2,83.5,0,SocialSciences,2.15
767,0,0.0,54.0,1,SocialSciences,2.75
1842,1,12.1,69.2,0,STEM,2.12
1242,1,7.9,60.6,0,Humanities,3.18
1029,1,8.4,92.6,0,SocialSciences,4.0
1793,1,10.9,87.7,1,SocialSciences,2.23
643,1,0.0,46.3,1,Humanities,2.28
1892,1,12.7,96.1,1,STEM,3.14
613,0,0.0,65.3,0,STEM,2.48
1763,0,0.0,61.0,0,STEM,1.7
961,1,10.8,73.0,0,STEM,3.04
1571,0,0.0,40.9,0,SocialSciences,2.4
726,0,0.0,80.6,1,STEM,3.25
684,1,8.7,60.1,0,STEM,1.85
99,1,9.9,76.6,1,SocialSciences,2.93
805,1,4.1,62.0,0,SocialSciences,2.91
1752,1,0.0,62.9,0,SocialSciences,3.06
1598,1,15.0,84.8,1,STEM,1.92
407,1,5.9,68.1,0,STEM,1.97
503,0,0.0,69.6,1,Humanities,2.82
1072,0,0.0,47.2,1,SocialSciences,2.12
1057,0,0.0,56.2,1,STEM,2.36
930,0,0.0,57.9,0,Humanities,3.33
780,0,0.0,73.0,1,SocialSciences,2.35
201,0,0.0,52.2,0,STEM,2.51
135,0,0.0,54.0,1,SocialSciences,2.73
1052,1,10.5,75.6,1,STEM,2.64
41,1,11.6,62.6,1,SocialSciences,2.05
1018,0,0.0,55.5,0,SocialSciences,3.24
231,0,0.0,59.0,1,STEM,1.87
1514,0,0.0,44.7,1,SocialSciences,1.25
1797,1,9.4,100.0,1,STEM,2.82
379,0,0.0,48.6,0,STEM,1.6
289,1,7.8,67.6,1,Humanities,2.16
419,0,0.0,60.1,1,STEM,1.79
1699,0,0.0,51.1,1,STEM,1.73
392,1,14.6,85.4,1,STEM,3.2
593,1,8.0,81.9,0,SocialSciences,2.22
1523,1,0.0,46.3,1,SocialSciences,2.51
1163,1,0.0,72.3,0,STEM,2.73
1087,1,11.0,78.4,0,STEM,2.72
1496,1,12.3,92.5,0,STEM,2.63
648,1,2.3,57.8,0,Humanities,1.87
1153,0,0.0,59.7,1,SocialSciences,2.59
1368,1,12.6,78.8,0,STEM,2.58
521,0,0.0,73.0,1,SocialSciences,2.99
1863,1,12.7,68.7,1,SocialSciences,2.67
65,0,0.0,78.7,1,STEM,3.54
1837,1,9.6,71.4,1,Humanities,2.69
15,0,0.0,71.1,0,STEM,3.62
1181,0,0.0,73.9,1,STEM,2.08
1065,1,0.0,68.8,0,STEM,2.73
493,1,10.0,58.5,0,STEM,2.29
380,0,0.0,74.6,0,STEM,3.21
188,1,9.3,85.5,0,STEM,3.47
764,1,0.0,48.6,1,STEM,1.85
217,1,3.6,60.7,0,STEM,2.41
792,0,0.0,46.3,1,SocialSciences,2.88
1077,0,0.0,43.9,0,SocialSciences,1.83
879,1,0.0,57.6,1,SocialSciences,2.51
338,1,0.0,55.9,1,Humanities,1.89
1773,1,7.4,58.2,1,STEM,1.73
720,0,0.0,53.1,1,SocialSciences,2.23
1749,0,0.0,45.8,1,SocialSciences,2.5
296,1,7.8,70.5,1,STEM,2.28
1726,1,14.9,91.1,1,SocialSciences,2.73
1017,0,0.0,64.2,0,STEM,2.33
1276,0,0.0,48.9,0,Humanities,2.37
1751,0,0.0,86.8,1,SocialSciences,3.56
1486,0,0.0,49.3,1,SocialSciences,2.93
456,0,0.0,43.6,0,STEM,2.58
1997,1,3.6,48.5,1,Humanities,1.86
816,0,0.0,42.7,0,Humanities,2.16
1887,1,14.3,92.5,0,STEM,2.49
270,1,7.2,59.4,0,Humanities,2.53
996,0,0.0,54.2,1,Humanities,2.73
202,0,0.0,70.2,1,STEM,3.7
162,1,8.9,67.7,0,SocialSciences,2.84
1580,0,0.0,58.9,1,STEM,2.52
730,1,0.0,44.2,1,Humanities,1.91
402,0,0.0,68.1,1,STEM,2.35
703,0,0.0,48.6,0,Humanities,1.35
1501,1,6.5,60.2,0,STEM,2.17
1846,1,6.6,67.8,0,Humanities,2.46
1796,1,7.1,71.9,1,SocialSciences,2.97
1130,0,0.0,61.7,1,Humanities,2.64
566,0,0.0,67.7,1,Humanities,2.86
1414,0,0.0,67.9,1,Humanities,2.91
1022,0,0.0,66.9,1,STEM,2.8
1026,0,0.0,73.3,0,Humanities,2.7
1412,0,0.0,58.4,0,Humanities,2.7
1896,1,0.0,79.5,1,SocialSciences,2.78
1586,1,11.3,74.1,0,STEM,2.56
1105,1,0.0,46.5,0,STEM,1.98
206,1,10.5,73.2,1,SocialSciences,2.7
35,0,0.0,55.8,0,SocialSciences,2.81
776,0,0.0,54.9,1,Humanities,2.27
509,0,0.0,60.8,1,Humanities,2.55
1452,0,0.0,55.0,0,STEM,1.9
1479,0,0.0,60.6,0,SocialSciences,2.3
1971,1,2.8,45.5,0,Humanities,2.04
1391,0,0.0,51.0,0,SocialSciences,2.1
92,1,7.0,51.2,1,STEM,1.39
1364,0,0.0,66.8,1,SocialSciences,1.72
898,1,12.6,78.1,0,SocialSciences,2.8
565,1,6.2,74.8,0,SocialSciences,2.58
1370,0,0.0,58.9,0,STEM,2.37
777,1,0.0,55.4,0,SocialSciences,2.48
242,0,0.0,50.8,0,STEM,1.87
14,1,0.0,51.5,1,STEM,2.18
316,0,0.0,62.5,0,SocialSciences,3.72
601,0,0.0,25.3,0,Humanities,1.38
388,1,7.4,66.5,1,STEM,2.43
1298,0,0.0,67.9,0,STEM,1.99
167,1,18.0,100.0,1,STEM,3.13
841,1,11.6,71.6,0,STEM,2.5
21,0,0.0,60.6,0,SocialSciences,3.14
647,1,9.5,79.9,1,STEM,2.7
1843,1,0.0,60.0,1,STEM,2.93
1509,0,0.0,45.7,1,SocialSciences,1.5
1155,0,0.0,63.3,0,STEM,2.42
1529,0,0.0,70.6,0,Humanities,2.66
832,1,14.4,87.2,0,STEM,3.27
1268,1,10.4,49.4,1,SocialSciences,1.64
1591,0,0.0,57.2,0,SocialSciences,2.6
1900,1,0.0,58.8,1,SocialSciences,2.47
563,0,0.0,62.3,1,SocialSciences,2.97
1952,0,0.0,61.5,1,STEM,2.2
687,1,10.6,62.7,0,SocialSciences,2.77
958,1,14.7,84.0,1,Humanities,2.59
190,0,0.0,50.1,1,Humanities,2.39
1807,0,0.0,62.8,0,SocialSciences,2.92
976,0,0.0,57.2,1,STEM,2.24
700,0,0.0,49.2,0,SocialSciences,2.6
1500,1,13.3,78.8,0,STEM,2.51
1706,1,11.5,79.3,1,STEM,2.88
511,1,5.9,81.5,1,Humanities,3.52
1083,0,0.0,62.0,1,SocialSciences,2.02
475,0,0.0,58.0,1,STEM,2.23
1585,1,0.0,51.5,1,STEM,1.78
857,1,12.0,56.8,0,SocialSciences,2.3
748,1,12.4,62.4,1,STEM,2.14
253,1,0.0,46.0,1,STEM,1.74
22,0,0.0,58.9,0,SocialSciences,2.22
1338,0,0.0,64.8,0,SocialSciences,2.64
460,1,0.0,44.7,1,Humanities,2.47
1185,1,5.7,45.6,0,STEM,2.12
277,1,0.0,34.9,0,SocialSciences,1.67
956,0,0.0,58.0,0,STEM,1.74
1216,0,0.0,63.3,1,Humanities,2.68
386,0,0.0,64.4,0,Humanities,2.81
806,1,0.0,34.4,0,SocialSciences,1.81
1438,1,12.6,84.4,0,SocialSciences,2.92
1516,1,13.3,100.0,1,SocialSciences,3.24
344,1,0.0,49.7,1,SocialSciences,1.86
770,0,0.0,42.3,0,Humanities,2.19
1333,1,0.0,60.4,0,STEM,2.06
1686,0,0.0,76.2,0,Humanities,2.89
131,1,11.3,56.8,0,STEM,2.76
1688,0,0.0,64.9,1,SocialSciences,2.37
872,0,0.0,64.3,1,Humanities,2.03
1124,0,0.0,45.6,1,Humanities,2.49
1397,0,0.0,60.1,1,STEM,2.95
88,1,13.9,100.0,1,SocialSciences,3.15
1483,0,0.0,53.5,1,SocialSciences,2.71
331,1,0.0,53.0,1,STEM,2.37
1239,1,0.0,48.3,0,Humanities,2.48
467,0,0.0,49.7,0,SocialSciences,2.56
122,1,0.0,39.0,1,STEM,2.49
1639,0,0.0,59.5,1,SocialSciences,2.28
1045,1,9.0,72.8,1,SocialSciences,2.19
1725,1,0.0,65.7,0,STEM,2.29
1096,1,12.6,100.0,1,STEM,3.22
1131,0,0.0,64.2,1,SocialSciences,2.23
1295,0,0.0,80.1,1,SocialSciences,2.67
861,1,10.9,77.9,1,Humanities,2.81
1460,0,0.0,59.6,0,SocialSciences,3.37
1127,1,7.7,67.6,0,SocialSciences,3.15
